CODE,ACT,LAW,PUNISH_BASIS,ENFORCEMENT,SCORE,PUNISH,ENFORCEMENT_BASIS,BELONG
10010,驾驶拼装的摩托车、拖拉机上道路行驶的,《法》第十六条,《法》第一百条第二款,扣留驾驶证,####,罚款500，吊销机动车驾驶证,《法》第一百一十条第一款,江永县地方性法规
10011,驾驶拼装的摩托车、拖拉机、营运载客汽车以外的机动车上道路行驶的,《法》第十六条,《法》第一百条第二款,扣留驾驶证,####,罚款1500，吊销机动车驾驶证,《法》第一百一十条第一款,江永县地方性法规
10012,驾驶拼装的营运载客汽车上道路行驶的,《法》第十六条,《法》第一百条第二款,扣留驾驶证,####,罚款2000，吊销机动车驾驶证,《法》第一百一十条第一款,江永县地方性法规
10020,驾驶已达报废标准的摩托车、拖拉机上道路行驶的,《法》第十四条第三款,《法》第一百条第二款,扣留驾驶证,####,罚款500，吊销机动车驾驶证,《法》第一百一十条第一款,江永县地方性法规
10021,驾驶已达报废标准的摩托车、拖拉机、营运载客汽车以外的机动车上道路行驶的,《法》第十四条第三款,《法》第一百条第二款,扣留驾驶证,####,罚款1500，吊销机动车驾驶证,《法》第一百一十条第一款,江永县地方性法规
10023,驾驶已达报废标准的营运载客汽车上道路行驶的,《法》第十四条第三款,《法》第一百条第二款,扣留驾驶证,####,罚款2000，吊销机动车驾驶证,《法》第一百一十条第一款,江永县地方性法规
10030,造成交通事故后逃逸，构成犯罪的,《法》第七十条第一款,《法》第一百零一条,扣留驾驶证,####,吊销机动车驾驶证,《法》第一百一十条第一款,江永县地方性法规
10040,违反道路交通安全法律、法规的规定，发生重大事故，构成犯罪的,《法》第一百零一条第一款,《法》第一百零一条第一款,扣留驾驶证,####,吊销机动车驾驶证,《法》第一百一十条第一款,江永县地方性法规
10050,无有效机动车驾驶证(未取得机动车驾驶证、驾驶证被注销后)驾驶摩托车、拖拉机、营运载客汽车以外的机动车的,《法》第十九条第一款,《法》第九十九条第一款第一项、第二款,可以拖移机动车,####,罚款1000，处10日拘留,《条例》第一百零四条,江永县地方性法规
10051,无有效机动车驾驶证(未取得机动车驾驶证、驾驶证被注销后)驾驶营运载客汽车的,《法》第十九条第一款,《法》第九十九条第一款第一项、第二款,可以拖移机动车,####,罚款2000，处15日拘留,《条例》第一百零四条,江永县地方性法规
10052,无有效机动车驾驶证(未取得机动车驾驶证、驾驶证被注销后)驾驶摩托车、拖拉机的,《法》第十九条第一款,《法》第九十九条第一款第一项、第二款,可以拖移机动车,####,罚款500,《条例》第一百零四条,江永县地方性法规
10060,驾驶证被吊销期间驾驶摩托车、拖拉机、营运载客以外的机动车的,《法》第十九条第一款,《法》第九十九条第一款第一项、第二款,可以拖移机动车,####,罚款800，处10日拘留,《条例》第一百零四条,江永县地方性法规
10061,驾驶证被吊销期间驾驶营运载客汽车的,《法》第十九条第一款,《法》第九十九条第一款第一项、第二款,可以拖移机动车,####,罚款1500，处15日拘留,《条例》第一百零四条,江永县地方性法规
10062,驾驶证被吊销期间驾驶摩托车、拖拉机的,《法》第十九条第一款,《法》第九十九条第一款第一项、第二款,可以拖移机动车,####,罚款400，处5日拘留,《条例》第一百零四条,江永县地方性法规
10070,把机动车交给未取得机动车驾驶证的人驾驶的(《办法》对车辆类型有具体规定的除外),《法》第二十二条第三款,《法》第九十九条第一款第二项,扣留驾驶证,####,罚款1000，可以吊销机动车驾驶证,《法》第一百一十条第一款,江永县地方性法规
10071,把营运载客汽车交给未取得机动车驾驶证的人驾驶的,《法》第二十二条第三款,《法》第九十九条第一款第二项,扣留驾驶证,####,罚款2000，可以吊销机动车驾驶证,《法》第一百一十条第一款,江永县地方性法规
10072,把摩托车交给未取得机动车驾驶证的人驾驶的,《法》第二十二条第三款,《法》第九十九条第一款第二项,扣留驾驶证,####,罚款500，可以吊销机动车驾驶证,《法》第一百一十条第一款,江永县地方性法规
10073,明知他人未取得机动车驾驶证，将机动车（不含摩托车）交由未取得机动车驾驶证的人驾驶的,《法》第二十二条第三款,《法》第九十九条第一款第二项、第二款,####,####,罚款2000，吊销机动车驾驶证,####,江永县地方性法规
10080,把机动车交给机动车驾驶证被吊销的人驾驶的(《办法》对车辆类型有具体规定的除外),《法》第二十二条第三款,《法》第九十九条第一款第二项,扣留驾驶证,####,罚款1000，可以吊销机动车驾驶证,《法》第一百一十条第一款,江永县地方性法规
10081,把营运载客汽车交给机动车驾驶证被吊销的人驾驶的,《法》第二十二条第三款,《法》第九十九条第一款第二项,扣留驾驶证,####,罚款2000，可以吊销机动车驾驶证,《法》第一百一十条第一款,江永县地方性法规
10082,把摩托车交给机动车驾驶证被吊销的人驾驶的,《法》第二十二条第三款,《法》第九十九条第一款第二项,扣留驾驶证,####,罚款400，可以吊销机动车驾驶证,《法》第一百一十条第一款,江永县地方性法规
10083,明知他人机动车驾驶证被吊销，仍将中型以上载客汽车、中型以上载货汽车、危险货物运输车辆和校车等重点车辆交由其驾驶的,《法》第二十二条第三款,《法》第九十九条第一款第二项、第二款,####,####,罚款2000，吊销机动车驾驶证,####,江永县地方性法规
10090,把机动车交给机动车驾驶证被暂扣的人驾驶的(《办法》对车辆类型有具体规定的除外),《法》第二十二条第三款,《法》第九十九条第一款第二项,扣留驾驶证,####,罚款500，可以吊销机动车驾驶证,《法》第一百一十条第一款,江永县地方性法规
10091,把营运载客汽车交给机动车驾驶证被暂扣的人驾驶的,《法》第二十二条第三款,《法》第九十九条第一款第二项,扣留驾驶证,####,罚款1000，可以吊销机动车驾驶证,《法》第一百一十条第一款,江永县地方性法规
10092,把摩托车交给机动车驾驶证被暂扣的人驾驶的,《法》第二十二条第三款,《法》第九十九条第一款第二项、第二款,扣留驾驶证,####,罚款200，可以吊销机动车驾驶证,《法》第一百一十条第一款,江永县地方性法规
10093,明知他人机动车驾驶证被暂扣，仍将中型以上载客汽车、中型以上载货汽车、危险货物运输车辆和校车等重点车辆交由其驾驶的,《法》第二十二条第三款,《法》第九十九条第一款第二项、第二款,扣留驾驶证,####,罚款2000，吊销机动车驾驶证,《法》第一百一十条第一款,江永县地方性法规
10100,驾驶人在驾驶证超过有效期仍驾驶营运汽车的,《条例》第二十八条,《法》第九十九条第一款第一项、第二款,可以拖移机动车,####,罚款1000,《条例》第一百零四条,江永县地方性法规
10101,驾驶人在驾驶证超过有效期仍驾驶非营运汽车的,《条例》第二十八条,《法》第九十九条第一款第一项、第二款,可以拖移机动车,####,罚款500,《条例》第一百零四条,江永县地方性法规
10102,驾驶人在驾驶证超过有效期仍驾驶摩托车的,《条例》第二十八条,《法》第九十九条第一款第一项、第二款,可以拖移机动车,####,罚款200,《条例》第一百零四条,江永县地方性法规
10110,非法安装警报器的,《法》第十五条第一款,《法》第九十七条,收缴物品,####,罚款2000,《法》第一百条第一款,江永县地方性法规
10120,非法安装标志灯具的,《法》第十五条第一款,《法》第九十七条,收缴物品,####,罚款2000,《法》第一百条第一款,江永县地方性法规
10130,在驾驶证丢失期间仍驾驶机动车的,《条例》第二十八条,《法》第九十条,####,####,罚款100,####,江永县地方性法规
10140,驾驶证损毁期间仍驾驶机动车的,《条例》第二十八条,《法》第九十条,####,####,罚款100,####,江永县地方性法规
10160,违法记分达到12分仍驾驶机动车的,《条例》第二十八条,《法》第九十条,扣留驾驶证,####,罚款200,《法》第一百一十条第一款,江永县地方性法规
10170,未按规定投保机动车交通事故责任强制保险的,《法》第十七条,《法》第九十八条第一款、《机动车交通事故责任强制保险条例》第二条第一款,####,####,罚款0-投保最低责任限额应缴纳的保险费2倍罚款,####,江永县地方性法规
10180,机动车不在机动车道内行驶的,《法》第三十六条,《法》第九十条,####,####,罚款100,####,江永县地方性法规
10190,机动车违反规定使用专用车道的,《法》第三十七条,《法》第九十条,####,####,罚款200,####,江永县地方性法规
10200,机动车驾驶人不服从交警指挥的,《法》第三十八条,《法》第九十条,####,####,罚款200,####,江永县地方性法规
10230,遇前方机动车停车排队等候或者缓慢行驶时，未依次交替驶入车道减少后的路口、路段的,《法》第四十五条第二款、《条例》第五十三条第三款,《法》第九十条,####,####,罚款200,####,江永县地方性法规
10240,在没有交通信号灯、交通标志、交通标线或者交警指挥的交叉路口遇到停车排队等候或者缓慢行驶时，机动车未依次交替通行的,《法》第四十五条第二款,《法》第九十条,####,####,罚款100,####,江永县地方性法规
10250,遇前方机动车停车排队等候或者缓慢行驶时，在人行横道、网状线区域内停车等候的,《条例》第五十三条第二款,《法》第九十条,####,####,罚款200,####,江永县地方性法规
10260,行经铁路道口，不按规定通行的,《法》第四十六条,《法》第九十条,####,####,罚款200,####,江永县地方性法规
10310,运载危险物品未经批准的,《法》第四十八条第三款,《法》第九十条,####,####,罚款200,####,江永县地方性法规
10350,客运机动车违反规定载货的,《法》第四十九条、《条例》第五十四条第二款,《法》第九十条,####,####,罚款100,####,江永县地方性法规
10361,货运机动车违反规定附载作业人员的,《法》第五十条第二款、《条例》第五十五条第二项,《法》第九十条,####,####,罚款200,####,江永县地方性法规
10362,货运机动车违反规定载客的,《法》第五十条第二款、《条例》第五十五条第二项,《法》第九十条,####,####,罚款200,####,江永县地方性法规
10370,未将故障车辆移至不妨碍交通的地方停放的,《法》第五十二条,《法》第九十条,####,####,罚款200,####,江永县地方性法规
10380,不避让正在作业的道路养护车、工程作业车的,《法》第五十四条第一款,《法》第九十条,####,####,罚款100,####,江永县地方性法规
10390,机动车违反规定停放、临时停车，驾驶人不在现场或者虽在现场但驾驶人拒绝立即驶离，妨碍其它车辆、行人通行的,《法》第五十六条、《条例》第六十三条,《法》第九十三条第二款,可以拖移机动车,####,罚款100,《条例》第一百零四条,江永县地方性法规
10391,违反交通信号，在严管路、城市快速路停车的（限辅道）,《法》第五十六条、《条例》第六十三条,《法》第九十三条第二款,可以拖移机动车,####,罚款100,《条例》第一百零四条,江永县地方性法规
10392,违反交通信号，压占人行横道、网状线停车的,《法》第五十六条、《条例》第六十三条,《法》第九十三条第二款,可以拖移机动车,####,罚款100,《条例》第一百零四条,江永县地方性法规
10393,违反交通信号停车，造成车辆缓行、交通拥堵的,《法》第五十六条、《条例》第六十三条,《法》第九十三条第二款,可以拖移机动车,####,罚款100,《条例》第一百零四条,江永县地方性法规
10394,违反交通信号停车，造成交通事故的,《法》第五十六条、《条例》第六十三条,《法》第九十三条第二款,可以拖移机动车,####,罚款100,《条例》第一百零四条,江永县地方性法规
10395,违法停车在当日已被提醒纠正且不予实施处罚，再次实施违法停车行为的,《法》第五十六条、《条例》第六十三条,《法》第九十三条第二款,可以拖移机动车,####,罚款100,《条例》第一百零四条,江永县地方性法规
10396,违反规定停车的,《法》第五十六条、《条例》第六十三条,《法》第九十条,可以拖移机动车,####,罚款100,《条例》第一百零四条,江永县地方性法规
10410,道路养护施工作业车辆、机械作业时未开启示警灯和危险报警闪光灯的,《条例》第三十五条第一款,《法》第九十条,####,####,罚款200,####,江永县地方性法规
10430,变更车道时影响正常行驶的机动车的,《条例》第四十四条第二款,《法》第九十条,####,####,罚款200,####,江永县地方性法规
10470,机动车未按规定鸣喇叭示意的,《条例》第五十九条第二款,《法》第九十条,####,####,罚款100,####,江永县地方性法规
10480,在禁止鸣喇叭的区域或者路段鸣喇叭的,《条例》第六十二条第八项,《法》第九十条,####,####,罚款100,####,江永县地方性法规
10490,在机动车驾驶室的前后窗范围内悬挂、放置妨碍驾驶人视线的物品的,《条例》第六十二条第二项,《法》第九十条,####,####,警告,####,江永县地方性法规
10500,机动车行经漫水路或漫水桥时未低速通过的,《条例》第六十四条,《法》第九十条,####,####,罚款100,####,江永县地方性法规
10510,机动车载运超限物品行经铁路道口时不按指定的道口通过的,《条例》第六十五条第一款,《法》第九十条,####,####,罚款200,####,江永县地方性法规
10520,机动车载运超限物品行经铁路道口时不按指定的时间通过的,《条例》第六十五条第一款,《法》第九十条,####,####,罚款200,####,江永县地方性法规
10530,机动车行经渡口，不服从渡口管理人员指挥，不依次待渡的,《条例》第六十五条第二款,《法》第九十条,####,####,罚款100,####,江永县地方性法规
10540,上下渡船时，不低速慢行的,《条例》第六十五条第二款,《法》第九十条,####,####,罚款100,####,江永县地方性法规
10550,特种车辆违反规定使用警报器的,《法》第五十三条第二款、《中华人民共和国噪声污染防治法》第四十八条第二款、《条例》第六十六条,《法》第九十条,####,####,罚款200,####,江永县地方性法规
10560,特种车辆违反规定使用标志灯具的,《法》第五十三条第二款,《法》第九十条,####,####,罚款200,####,江永县地方性法规
10570,机动车在单位院内、居民居住区内不低速行驶的,《条例》第六十七条,《法》第九十条,####,####,罚款50,####,江永县地方性法规
10580,机动车在单位院内、居民居住区内不避让行人的,《条例》第六十七条,《法》第九十条,####,####,罚款50,####,江永县地方性法规
10590,驾驶摩托车手离车把的,《条例》第六十二条第六项,《法》第九十条,####,####,罚款100,####,江永县地方性法规
10600,驾驶摩托车在车把上悬挂物品的,《条例》第六十二条第六项,《法》第九十条,####,####,罚款100,####,江永县地方性法规
10610,拖拉机驶入大中城市中心城区内道路的,《法》第五十五条第一款,《法》第九十条,####,####,罚款200,####,江永县地方性法规
10620,拖拉机驶入其它禁止通行道路的,《法》第五十五条第一款,《法》第九十条,####,####,罚款200,####,江永县地方性法规
10630,拖拉机载人的,《法》第五十五条第二款,《法》第九十条,####,####,罚款100,####,江永县地方性法规
10640,拖拉机牵引多辆挂车的,《条例》第五十六条第一款第一项,《法》第九十条、《办法》第五十条第十项,####,####,罚款100,####,江永县地方性法规
10651,申请人不按指定路线上道路学习驾驶的,《条例》第二十条第二款、《机动车驾驶证申领和使用规定》第四十二条,《法》第九十条、《机动车驾驶证申领和使用规定》第九十五条,####,####,罚款200,####,江永县地方性法规
10661,申请人不按指定时间上道路学习驾驶的,《条例》第二十条第二款、《机动车驾驶证申领和使用规定》第四十二条,《法》第九十条、《机动车驾驶证申领和使用规定》第九十五条,####,####,罚款200,####,江永县地方性法规
10671,申请人在道路上学习驾驶时，未使用符合规定的机动车的,《机动车驾驶证申领和使用规定》第四十二条,《机动车驾驶证申领和使用规定》第九十六条,####,####,罚款500,####,江永县地方性法规
10681,申请人在道路上学习驾驶时，没有教练员或者随车指导人员的,《机动车驾驶证申领和使用规定》第四十二条,《法》第九十九条第一款第一项、第二款、《机动车驾驶证申领和使用规定》第九十七条,可以拖移机动车,####,罚款2000，可以处15日拘留,《条例》第一百零四条,江永县地方性法规
10690,使用教练车时有与教学无关的人员乘坐的,《条例》第二十条第二款,《法》第九十条,####,####,罚款200,####,江永县地方性法规
10700,实习期内未按规定粘贴或悬挂实习标志的,《条例》第二十二条第二款,《法》第九十条,####,####,罚款200,####,江永县地方性法规
10720,驾驶安全设施不全的机动车的,《法》第二十一条,《法》第九十条,####,####,罚款200,####,江永县地方性法规
10730,驾驶机件不符合技术标准的机动车的,《法》第二十一条,《法》第九十条,####,####,警告,####,江永县地方性法规
10750,在车门、车厢没有关好时行车的,《条例》第六十二条第一项,《法》第九十条,####,####,警告,####,江永县地方性法规
10760,机动车在没有划分机动车道、非机动车道和人行道的道路上，不在道路中间通行的,《法》第三十六条,《法》第九十条,####,####,警告,####,江永县地方性法规
10770,驾驶机动车下陡坡时熄火、空档滑行的,《条例》第六十二条第四项,《法》第九十条,####,####,罚款200,####,江永县地方性法规
10780,机动车违反交通管制规定强行通行，不听劝阻的,《法》第三十九条、第四十条,《法》第九十九条第一款第六项、第二款,####,####,罚款500,####,江永县地方性法规
10781,违反交通管制的规定强行通行，不听劝阻造成交通事故等后果的,《法》第三十九条、第四十条,《法》第九十九条第一款第六项、第二款,####,####,罚款2000，处10日拘留,####,江永县地方性法规
10800,已注册登记机动车的信息或者事项变更后，未按规定向公安机关交通管理部门申请变更备案的,《机动车登记规定》第二十三条,《机动车登记规定》第七十八条第八项,####,####,罚款200,####,江永县地方性法规
10820,使用他人机动车驾驶证驾驶机动车的,《法》第十九条第一款、第四款,《法》第九十条,可以拖移机动车,####,罚款200,《条例》第一百零四条,江永县地方性法规
10830,载货汽车、专项作业车及挂车未按照规定安装侧面及后下部防护装置、粘贴车身反光标识的,《法》第二十一条,《机动车登记规定》第七十八条第三项,####,####,罚款200,####,江永县地方性法规
10840,改变车身颜色、更换发动机、车身或者车架，未按规定时限办理变更登记的,《中华人民共和国道路交通安全法实施条例》第六条第一款、《机动车登记规定》第十六条第一项、第二项和第三项,《机动车登记规定》第七十八条第五项,####,####,罚款200,####,江永县地方性法规
10850,机动车所有权转移后，现机动车所有人未按规定时限办理转移登记的,《中华人民共和国道路交通安全法实施条例》第七条第一款、《机动车登记规定》第二十五条,《机动车登记规定》第七十八条第六项,####,####,罚款200,####,江永县地方性法规
10860,机动车所有人办理变更登记、转移登记，机动车档案转出登记地车辆管理所后，未按照规定时限到住所地车辆管理所申请机动车转入的,《条例》第六条、《机动车登记规定》第十八条,《机动车登记规定》第七十八条第七项,####,####,罚款200,####,江永县地方性法规
10871,擅自改变机动车外形和已登记的有关技术参数的（小型客运车辆拆卸座位的）,《法》第十六条第一项,《机动车登记规定》第七十九条,####,####,警告,####,江永县地方性法规
10872,擅自改变机动车外形和已登记的有关技术参数的（摩托车加装伞具或防风罩的）,《法》第十六条第一项,《机动车登记规定》第七十九条,####,####,罚款200,####,江永县地方性法规
10873,小型客运、货运车辆擅自改变机动车外形和已登记的有关技术数据的（小型客运车辆拆卸座位除外）,《法》第十六条第一项,《机动车登记规定》第七十九条,####,####,罚款200,####,江永县地方性法规
10874,大中型货运、客运车辆擅自改变机动车外形和已登记的有关技术数据的,《法》第十六条第一项,《机动车登记规定》第七十九条,####,####,罚款500,####,江永县地方性法规
10891,公路客运车辆违反规定载货的（行李舱装载货物未超过核定载质量）,《法》第四十九条、《条例》第五十四条第二款,《法》第九十二条第一款,####,####,警告,####,江永县地方性法规
10892,公路客运车辆违反规定载货的（车货总质量尚未超过车辆核定总质量）,《法》第四十九条、《条例》第五十四条第二款,《法》第九十二条第一款,####,####,罚款500,####,江永县地方性法规
10893,公路客运车辆违反规定载货的（行李舱装载货物超过核定载质量，且车货总质量超过车辆核定总质量）,《法》第四十九条、《条例》第五十四条第二款,《法》第九十二条第一款,####,####,罚款1500,####,江永县地方性法规
10894,公路客运车辆违反规定载货（人货混装）的,《法》第四十九条、《条例》第五十四条第二款,《法》第九十二条第一款,####,####,罚款2000,####,江永县地方性法规
10900,机动车违反警告标志指示的,《法》第三十八条,《法》第九十条,####,####,警告,####,江永县地方性法规
10910,机动车违反警告标线指示的,《法》第三十八条,《法》第九十条,####,####,警告,####,江永县地方性法规
10920,公路客运车辆以外的载客汽车违反规定载货的,《法》第四十九条、《条例》第五十四条第二款,《法》第九十条,####,####,罚款100,####,江永县地方性法规
10930,驾驶时观看电视的,《条例》第六十二条第三项,《法》第九十条,####,####,罚款200,####,江永县地方性法规
10940,在同车道行驶中，不按规定与前车保持必要的安全距离的,《法》第四十三条,《法》第九十条,####,####,罚款100,####,江永县地方性法规
10950,实习期内驾驶公共汽车的,《条例》第二十二条第三款,《法》第九十条,####,####,罚款200,####,江永县地方性法规
10960,实习期内驾驶营运客车的,《条例》第二十二条第三款,《法》第九十条,####,####,罚款200,####,江永县地方性法规
10970,实习期内驾驶执行任务的特种车辆的,《条例》第二十二条第三款,《法》第九十条,####,####,罚款200,####,江永县地方性法规
10980,实习期内驾驶载有危险物品的机动车的,《条例》第二十二条第三款,《法》第九十条,####,####,罚款200,####,江永县地方性法规
10990,实习期内驾驶的机动车牵引挂车的,《条例》第二十二条第三款,《法》第九十条,####,####,罚款100,####,江永县地方性法规
11020,驾驶机动车不按规定使用灯光的,《条例》第四十七条、第四十八条第五项、第五十一条第三项、第五十七条、第五十八条、第五十九条第一款、第六十一条第一款第五项,《法》第九十条,####,记1分,罚款100,####,江永县地方性法规
11030,驾驶机动车不按规定会车的,《条例》第四十八条,《法》第九十条,####,记1分,罚款200,####,江永县地方性法规
11110,驾驶机动车载货长度、宽度、高度超过规定的,《法》第四十八条第一款、《条例》第五十四条第一款,《法》第九十条,####,记1分,罚款100,####,江永县地方性法规
11160,驾驶机动车违反禁令标志指示的,《法》第三十八条,《法》第九十条,####,记1分,罚款100,####,江永县地方性法规
11170,驾驶机动车违反禁止标线指示的,《法》第三十八条,《法》第九十条,####,记1分,罚款100,####,江永县地方性法规
11180,驾驶未按规定定期进行安全技术检验的公路客运汽车、旅游客运汽车、危险物品运输车辆以外的机动车上道路行驶的,《法》第十三条、《条例》第十六条,《机动车登记规定》第五十六条第四项,####,记1分,罚款200,####,江永县地方性法规
11190,驾驶摩托车，不戴安全头盔的,《法》第五十一条,《法》第九十条,####,记1分,罚款50,####,江永县地方性法规
11200,驾驶机动车在高速公路以外的道路上行驶时，驾驶人未按规定使用安全带的,《法》第五十一条,《法》第九十条,####,记1分,罚款50,####,江永县地方性法规
11210,在禁止掉头或者禁止左转弯标志、标线的地点掉头的,《法》第三十八条、《条例》第四十九条第一款,《法》第九十条,####,记1分,罚款200,####,江永县地方性法规
11220,在容易发生危险的路段掉头的,《条例》第四十九条第一款,《法》第九十条,####,记1分,罚款200,####,江永县地方性法规
11230,掉头时妨碍正常行驶的车辆和行人通行的,《条例》第四十九条第二款,《法》第九十条,####,记1分,罚款200,####,江永县地方性法规
11240,驾驶机动车在高速公路、城市快速路以外的道路上不按规定倒车的,《条例》第五十条,《法》第九十条,####,记1分,罚款100,####,江永县地方性法规
11250,驾驶擅自改变已登记的结构、构造或者特征的载货汽车上道路行驶的,《法》第十六条第一项,《法》第九十条,####,记1分,罚款200,####,江永县地方性法规
11260,驾驶载货汽车载物超过最大允许总质量未达到百分之三十的,《法》第四十八条第一款、《条例》第五十四条第一款,《法》第九十二条第二款,####,记1分,罚款200,####,江永县地方性法规
11261,驾驶危险物品运输车辆载物超过最大允许总质量未达到百分之三十的,《法》第四十八条第一款、《条例》第五十四条第一款,《法》第九十二条第二款,####,记1分,罚款200,####,江永县地方性法规
11270,驾驶校车在高速公路、城市快速路以外的道路上行驶超过规定时速百分之十以上未达到百分之二十的,《法》第四十二条、《条例》第四十五条、第四十六条,《法》第九十条,####,记1分,罚款200,####,江永县地方性法规
11280,驾驶中型以上载客汽车在高速公路、城市快速路以外的道路上行驶超过规定时速百分之十以上未达到百分之二十的,《法》第四十二条、《条例》第四十五条、第四十六条,《法》第九十条,####,记1分,罚款200,####,江永县地方性法规
11290,驾驶危险物品运输车辆在高速公路、城市快速路以外的道路上行驶超过规定时速百分之十以上未达到百分之二十的,《法》第四十二条、《条例》第四十五条、第四十六条,《法》第九十条,####,记1分,罚款200,####,江永县地方性法规
11300,驾驶中型以上载货汽车在高速公路、城市快速路以外的道路上行驶超过规定时速百分之十以上未达到百分之二十的,《法》第四十二条、《条例》第四十五条、第四十六条,《法》第九十条,####,记1分,罚款200,####,江永县地方性法规
13040,从前车右侧超车的,《条例》第四十七条,《法》第九十条,####,记3分,罚款200,####,江永县地方性法规
13050,前车左转弯时超车的,《法》第四十三条第一项,《法》第九十条,####,记3分,罚款200,####,江永县地方性法规
13060,前车掉头时超车的,《法》第四十三条第一项,《法》第九十条,####,记3分,罚款200,####,江永县地方性法规
13070,前车超车时超车的,《法》第四十三条第一项,《法》第九十条,####,记3分,罚款200,####,江永县地方性法规
13080,与对面来车有会车可能时超车的,《法》第四十三条第二项,《法》第九十条,####,记3分,罚款200,####,江永县地方性法规
13090,超越执行紧急任务的警车、消防车、救护车、工程救险车的,《法》第四十三条第三项,《法》第九十条,####,记3分,罚款200,####,江永县地方性法规
13100,在铁路道口、路口、窄桥、弯道、陡坡、隧道、人行横道、交通流量大的路段等地点超车的,《法》第四十三条第四项,《法》第九十条,####,记3分,罚款200,####,江永县地方性法规
13110,在道路上车辆发生故障、事故停车后，不按规定设置警告标志的,《法》第五十二条、《条例》第六十条,《法》第九十条,####,记3分,罚款200,####,江永县地方性法规
13120,准备进入环形路口不让已在路口内的机动车先行的,《条例》第五十一条第二项,《法》第九十条,####,记3分,罚款100,####,江永县地方性法规
13130,转弯的机动车未让直行的车辆、行人先行的,《条例》第五十一条第七项、第五十二条第三项,《法》第九十条,####,记3分,罚款100,####,江永县地方性法规
13140,相对方向行驶的右转弯机动车不让左转弯车辆先行的,《条例》第五十一条第七项、第五十二条第四项,《法》第九十条,####,记3分,罚款100,####,江永县地方性法规
13150,机动车通过无灯控或交警指挥的路口，不按交通标志、标线指示让优先通行的一方先行的,《条例》第五十二条第一项,《法》第九十条,####,记3分,罚款100,####,江永县地方性法规
13160,机动车通过无灯控、交警指挥、交通标志标线控制的路口，不让右方道路的来车先行的,《条例》第五十二条第二项,《法》第九十条,####,记3分,罚款100,####,江永县地方性法规
13270,在道路上车辆发生故障、事故停车后，不按规定使用灯光的,《法》第五十二条、《条例》第六十条,《法》第九十条,####,记3分,罚款200,####,江永县地方性法规
13330,不避让执行任务的特种车辆的,《法》第五十三条第一款,《法》第九十条,####,记3分,罚款200,####,江永县地方性法规
13340,机动车不避让盲人的,《法》第六十四条第二款,《法》第九十条,####,记3分,罚款100,####,江永县地方性法规
13550,驾驶机动车在城市快速路上不按规定车道行驶的,《条例》第四十四条第一款,《法》第九十条,####,记3分,罚款100,####,江永县地方性法规
13560,行经人行横道，未减速行驶的,《法》第四十七条第一款,《法》第九十条,####,记3分,罚款100,####,江永县地方性法规
13570,遇行人正在通过人行横道时未停车让行的,《法》第四十七条第一款,《法》第九十条,####,记3分,罚款200,####,江永县地方性法规
13580,行经没有交通信号的道路时，遇行人横过道路未避让的,《法》第四十七条第二款,《法》第九十条,####,记3分,罚款100,####,江永县地方性法规
13590,驾驶不按规定安装机动车号牌的机动车上道路行驶的,《法》第十一条第二款,《法》第九十五条第二款、《法》第九十条,####,记3分,罚款200,####,江永县地方性法规
13600,连续驾驶危险物品运输车辆以外的载货汽车超过4小时未停车休息或者停车休息时间少于20分钟的,《法》第二十二条第二款、《条例》第六十二条第七项,《法》第九十条,####,记3分,罚款200,####,江永县地方性法规
13401,驾驶未按规定定期进行安全技术检验的公路客运汽车、旅游客运汽车、危险物品运输车辆上道路行驶的,《法》第十三条、《条例》第十六条,《机动车登记规定》第五十六条第四项,####,记3分,罚款200,####,江永县地方性法规
13610,驾驶未按规定定期进行安全技术检验的公路客运汽车、旅游客运汽车、危险物品运输车辆上道路行驶的,《法》第十三条、《条例》第十六条,《机动车登记规定》第七十八条第四项,####,记3分,罚款200,####,江永县地方性法规
13620,驾驶时拨打接听手持电话的,《条例》第六十二条第三项,《法》第九十条,####,记3分,罚款200,####,江永县地方性法规
13631,遇前方道路受阻或者前方车辆等候、缓慢行驶时，违反规定进入路口的,《法》第四十五条,《办法》第五十五条第一项,####,记3分,罚款200,####,江永县地方性法规
13632,遇前方道路受阻或者前方车辆等候、缓慢行驶时，借道超车的,《法》第四十五条,《办法》第五十五条第三项,####,记3分,罚款200,####,江永县地方性法规
13633,遇前方道路受阻或者前方车辆等候、缓慢行驶时，占用对面车道的,《法》第四十五条,《办法》第五十五条第四项,####,记3分,罚款200,####,江永县地方性法规
13634,遇前方道路受阻或者前方车辆等候、缓慢行驶时，进入非机动车道、人行道行驶的,《法》第四十五条,《办法》第五十五条第六项,####,记3分,罚款200,####,江永县地方性法规
13640,驾驶校车上道路行驶前，未对校车车况是否符合安全技术要求进行检查的,《校车安全管理条例》第四十一条第一款,《校车安全管理条例》第四十八条第一款第四项,####,记3分,罚款200,####,江永县地方性法规
13650,驾驶存在安全隐患的校车上道路行驶的,《校车安全管理条例》第四十一条第一款,《校车安全管理条例》第四十八条第一款第四项,####,记3分,罚款200,####,江永县地方性法规
13661,驾驶载货汽车载物超过最大允许总质量百分之三十以上未达到百分之五十的,《法》第四十八条第一款、《条例》第五十四条第一款,《法》第九十二条第二款,####,记3分,罚款500,####,江永县地方性法规
13662,驾驶危险品运输车载物超过最大允许总质量百分之三十以上未达到百分之五十的,《法》第四十八条第一款、《条例》第五十四条第一款,《法》第九十二条第二款,####,记3分,罚款500,####,江永县地方性法规
13671,驾驶载货汽车违反规定载客（载客一人）,《法》第五十条第一款、《条例》第五十五条第二项,《法》第九十二条第二款,####,记3分,罚款500,####,江永县地方性法规
13672,驾驶载货汽车违反规定载客的（二人以上不足五人),《法》第五十条第一款、《条例》第五十五条第二项,《法》第九十二条第二款,####,记3分,罚款1000,####,江永县地方性法规
13673,驾驶载货汽车违反规定载客的（五人以上）,《法》第五十条第一款、《条例》第五十五条第二项,《法》第九十二条第二款,####,记3分,罚款2000,####,江永县地方性法规
13680,驾驶校车、公路客运汽车、旅游客运汽车、7座以上载客汽车以外的其他载客汽车载人超过核定人数百分之二十以上未达到百分之五十的,《法》第四十九条,《法》第九十条,####,记3分,罚款200,####,江永县地方性法规
13690,驾驶校车、中型以上载客载货汽车、危险物品运输车辆以外的机动车在高速公路、城市快速路以外的道路上行驶超过规定时速百分之二十以上未达到百分之五十的,《法》第四十二条、《条例》第四十五条、第四十六条,《法》第九十条,####,记3分,罚款200,####,江永县地方性法规
13710,驾车时有其他妨碍安全驾驶的行为的,《条例》第六十二条第三项,《法》第九十条,####,记3分,罚款50,####,江永县地方性法规
13720,驾驶机动车不按规定避让校车的,《校车安全管理条例》第三十三条,《校车安全管理条例》第五十二条,####,记3分,罚款200,####,江永县地方性法规
13730,驾驶机动车在高速公路、城市快速路以外的道路上逆向行驶的,《法》第三十五条,《法》第九十条,####,记3分,罚款200,####,江永县地方性法规
16101,在驾驶证暂扣期间仍驾驶营运载客汽车的,《条例》第二十八条,《法》第九十九条第一款第一项、第二款,可以拖移机动车,记6分,罚款1000，处15日拘留,《条例》第一百零四条,江永县地方性法规
16102,在驾驶证暂扣期间仍驾驶摩托车的,《条例》第二十八条,《法》第九十九条第一款第一项、第二款,可以拖移机动车,记6分,罚款200，处5日拘留,《条例》第一百零四条,江永县地方性法规
16103,在驾驶证暂扣期间仍驾驶机动车的(《办法》对车辆类型有具体规定的除外),《条例》第二十八条,《法》第九十九条第一款第一项、第二款,可以拖移机动车,记6分,罚款500，处10日拘留,《条例》第一百零四条,江永县地方性法规
16170,运载危险物品时不按规定的时间、路线、速度行驶的,《法》第四十八条第三款,《法》第九十条,####,记6分,罚款200,####,江永县地方性法规
16180,运载危险物品时未悬挂警示标志的,《法》第四十八条第三款,《法》第九十条,####,记6分,罚款200,####,江永县地方性法规
16190,运载危险物品时未采取必要的安全措施的,《法》第四十八条第三款,《法》第九十条,####,记6分,罚款200,####,江永县地方性法规
16210,驾驶公路客运车辆载人超过核定人数未达到百分之二十的,《法》第四十九条、《条例》第五十五条第一项,《法》第九十二条第一款,####,记6分,罚款500,####,江永县地方性法规
16220,驾驶机动车在城市快速路上违法占用应急车道行驶的,《条例》第八十二条第四项、第八十五条第一款,《法》第九十条,####,记6分,罚款200,####,江永县地方性法规
16230,驾驶校车载人超过核定人数未达到百分之二十的,《校车安全管理条例》第三十四条第一款,《校车安全管理条例》第五十条、《法》第九十条、第九十二条,####,记6分,罚款500,####,江永县地方性法规
16250,驾驶机动车不按交通信号灯指示通行的,《法》第三十八条、《条例》第三十八条、四十条、四十一、四十二、四十三条,《法》第九十条,####,记6分,罚款200,####,江永县地方性法规
16280,驾驶中型以上载客汽车在城市快速路上行驶超过规定时速未达到百分之二十的,《法》第四十二条、《条例》第四十五条、第四十六条,《法》第九十条,####,记6分,罚款200,####,江永县地方性法规
16290,驾驶中型以上载货汽车在城市快速路上行驶超过规定时速未达到百分之二十的,《法》第四十二条、《条例》第四十五条、第四十六条,《法》第九十条,####,记6分,罚款200,####,江永县地方性法规
16300,驾驶校车在城市快速路上行驶超过规定时速未达到百分之二十的,《法》第四十二条、《条例》第四十五条、第四十六条,《法》第九十条,####,记6分,罚款200,####,江永县地方性法规
16310,驾驶危险物品运输车辆在城市快速路上行驶超过规定时速未达到百分之二十的,《法》第四十二条、《条例》第四十五条、第四十六条、《剧毒化学品购买和公路运输许可证件管理办法》第十八条第二款,《法》第九十条,####,记6分,罚款200,####,江永县地方性法规
16320,驾驶中型以上载客汽车在高速公路、城市快速路以外的道路上行驶超过规定时速百分之二十以上未达到百分之五十的,《法》第四十二条、《条例》第四十五条、第四十六条,《法》第九十条,####,记6分,罚款200,####,江永县地方性法规
16330,驾驶中型以上载货汽车在高速公路、城市快速路以外的道路上行驶超过规定时速百分之二十以上未达到百分之五十的,《法》第四十二条、《条例》第四十五条、第四十六条,《法》第九十条,####,记6分,罚款200,####,江永县地方性法规
16340,驾驶校车在高速公路、城市快速路以外的道路上行驶超过规定时速百分之二十以上未达到百分之五十的,《法》第四十二条、《条例》第四十五条、第四十六条,《法》第九十条,####,记6分,罚款200,####,江永县地方性法规
16350,驾驶危险物品运输车辆在高速公路、城市快速路以外的道路上行驶超过规定时速百分之二十以上未达到百分之五十的,《法》第四十二条、《条例》第四十五条、第四十六条、《剧毒化学品购买和公路运输许可证件管理办法》第十八条第二款,《法》第九十条,####,记6分,罚款200,####,江永县地方性法规
16400,驾驶机动车运载超限的不可解体的物品，未按指定的时间、路线、速度行驶的,《法》第四十八条第二款,《法》第九十条,####,记6分,罚款200,####,江永县地方性法规
16410,驾驶机动车运载超限的不可解体的物品，未悬挂警示标志的,《法》第四十八条第二款,《法》第九十条,####,记6分,罚款200,####,江永县地方性法规
16430,造成致人轻微伤或者财产损失的交通事故后逃逸，尚不构成犯罪的,《法》第七十条第一款,《法》第九十九条第一款第三项、第二款,####,记6分,罚款2000，处15日拘留,####,江永县地方性法规
16440,机动车驾驶证被扣留期间驾驶机动车的,《条例》第二十八条,《法》第九十条,####,记6分,罚款200,####,江永县地方性法规
16451,驾驶载货汽车载物超过最大允许总质量百分之五十以上的（不足百分之百）,《法》第四十八条第一款、《条例》第五十四条第一款,《法》第九十二条第二款,####,记6分,罚款1000,####,江永县地方性法规
16452,驾驶危险品运输车载物超过最大允许总质量百分之五十以上的（不足百分之百）,《法》第四十八条第一款、《条例》第五十四条第一款,《法》第九十二条第二款,####,记6分,罚款1500,####,江永县地方性法规
16453,驾驶载货汽车载物超过最大允许总质量百分之五十以上的（超过百分之百）,《法》第四十八条第一款、《条例》第五十四条第一款,《法》第九十二条第二款,####,记6分,罚款1500,####,江永县地方性法规
16454,驾驶危险品运输车载物超过最大允许总质量百分之五十以上的（超过百分之百）,《法》第四十八条第一款、《条例》第五十四条第一款,《法》第九十二条第二款,####,记6分,罚款2000,####,江永县地方性法规
16460,驾驶旅游客运汽车载人超过核定人数未达到百分之二十的,《法》第四十九条、《条例》第五十五条第一项,《法》第九十条,####,记6分,罚款200,####,江永县地方性法规
16470,驾驶7座以上载客汽车载人超过核定人数百分之二十以上未达到百分之五十的,《法》第四十九条、《条例》第五十五条第一项,《法》第九十条,####,记6分,罚款200,####,江永县地方性法规
16480,驾驶校车、公路客运汽车、旅游客运汽车、7座以上载客汽车以外的其他载客汽车载人超过核定人数百分之五十以上未达到百分之百的,《法》第四十九条、《条例》第五十五条第一项,《法》第九十条,####,记6分,罚款200,####,江永县地方性法规
16490,驾驶校车、中型以上载客载货汽车、危险物品运输车辆以外的机动车在城市快速路上行驶超过规定时速百分之二十以上未达到百分之五十的,《法》第四十二条、《条例》第四十五条、第四十六条,《法》第九十条,####,记6分,罚款200,####,江永县地方性法规
16500,驾驶校车、中型以上载客载货汽车、危险物品运输车辆以外的机动车在高速公路、城市快速路以外的道路上行驶（限速分别为60、70、80），超过规定时速百分之五十以上，时速未达到120、140、160公里的,《法》第四十二条、《条例》第四十五条、第四十六条,《法》第九十九条第一款第四项、第二款,扣留驾驶证,记6分,罚款1500，可以吊销机动车驾驶证,《法》第一百一十条第一款,江永县地方性法规
16501,驾驶校车、中型以上载客载货汽车、危险物品运输车辆以外的机动车在高速公路、城市快速路以外的道路上行驶（限速分别为60、70、80），超过规定时速百分之五十以上，时速达到120、140、160公里及以上的,《法》第四十二条、《条例》第四十五条、第四十六条,《法》第九十九条第一款第四项、第二款,扣留驾驶证,记6分,罚款2000，吊销机动车驾驶证,《法》第一百一十条第一款,江永县地方性法规
16510,驾驶机动车运输危险化学品，未经批准进入危险化学品运输车辆限制通行的区域的（处罚主体：公安机关）,《危险化学品安全管理条例》第四十九条,《危险化学品安全管理条例》第八十八条第三项,####,记6分,罚款5万,####,江永县地方性法规
17101,驾驶公路客运汽车载人超过核定人数百分之二十以上（不足百分之五十的）,《法》第四十九条、《条例》第五十五条第一项,《法》第九十二条第一款,####,记12分,罚款1000,####,江永县地方性法规
17102,驾驶公路客运汽车载人超过核定人数百分之二十以上（百分之五十及以上）的,《法》第四十九条、《条例》第五十五条第一项,《法》第九十二条第一款,####,记12分,罚款2000,####,江永县地方性法规
17121,饮酒后驾驶机动车的（驾驶人100毫升血液中酒精浓度60毫克以上不足80毫克的）,《法》第二十二条第二款,《法》第九十一条第一款,可以拖移机动车,记12分,罚款2000，暂扣驾驶证6个月,《条例》第一百零四条,江永县地方性法规
17122,饮酒后驾驶机动车的（驾驶人100毫升血液中酒精浓度40毫克以上不足60毫克的）,《法》第二十二条第二款,《法》第九十一条第一款,可以拖移机动车,记12分,罚款1500，暂扣驾驶证6个月,《条例》第一百零四条,江永县地方性法规
17123,饮酒后驾驶机动车的（驾驶人100毫升血液中酒精浓度20毫克以上不足40毫克的）,《法》第二十二条第二款,《法》第九十一条第一款,可以拖移机动车,记12分,罚款1000，暂扣驾驶证6个月,《条例》第一百零四条,江永县地方性法规
17140,驾驶校车载人超过核定人数百分之二十以上的,《校车安全管理条例》第三十四条第一款,《校车安全管理条例》第五十条、《法》第九十条、第九十二条,####,记12分,罚款2000,####,江永县地方性法规
17220,驾驶中型以上载客汽车在城市快速路上行驶超过规定时速百分之二十以上未达到百分之五十的,《法》第四十二条、《条例》第四十五条、第四十六条,《法》第九十条,####,记12分,罚款200,####,江永县地方性法规
17230,驾驶中型以上载货汽车在城市快速路上行驶超过规定时速百分之二十以上未达到百分之五十的,《法》第四十二条、《条例》第四十五条、第四十六条,《法》第九十条,####,记12分,罚款200,####,江永县地方性法规
17240,驾驶校车在城市快速路上行驶超过规定时速百分之二十以上未达到百分之五十的,《法》第四十二条、《条例》第四十五条、第四十六条,《法》第九十条,####,记12分,罚款200,####,江永县地方性法规
17250,驾驶危险物品运输车辆在城市快速路上行驶超过规定时速百分之二十以上未达到百分之五十的,《法》第四十二条、《条例》第四十五条、第四十六条、《剧毒化学品购买和公路运输许可证件管理办法》第十八条第二款,《法》第九十条,####,记12分,罚款200,####,江永县地方性法规
17320,造成致人轻伤以上或者死亡的交通事故后逃逸，尚不构成犯罪的,《法》第七十条第一款,《法》第九十九条第一款第三项、第二款,####,记12分,罚款2000，处15日拘留,####,江永县地方性法规
17330,驾驶机动车在城市快速路上倒车的,《条例》第八十二条第一项、第八十五条第一款,《法》第九十条,####,记12分,罚款200,####,江永县地方性法规
17340,驾驶机动车在城市快速路上逆行的,《条例》第八十二条第一项、第八十五条第一款,《法》第九十条,####,记12分,罚款200,####,江永县地方性法规
17350,在城市快速路上穿越中央分隔带掉头的,《条例》第八十二条第一项、第八十五条第一款,《法》第九十条,####,记12分,罚款200,####,江永县地方性法规
17360,驾驶旅游客运汽车载人超过核定人数百分之二十以上的,《法》第四十九条、《条例》第五十五条第一项,《法》第九十条,####,记12分,罚款200,####,江永县地方性法规
17370,驾驶校车、公路客运汽车、旅游客运汽车以外的其他载客汽车载人超过核定人数百分百以上的,《法》第四十九条、《条例》第五十五条第一项,《法》第九十条,####,记12分,罚款200,####,江永县地方性法规
17380,驾驶危险物品运输车辆在限速分别为60、70、80公里的城市快速路上行驶，超过规定时速百分之五十以上，时速未达到120、140、160公里的,《法》第四十二条、《条例》第四十五条、第四十六条、《剧毒化学品购买和公路运输许可证件管理办法》第十八条第二款,《法》第九十九条第一款第四项、第二款,扣留驾驶证,记12分,罚款1500，可以吊销机动车驾驶证,《法》第一百一十条第一款,江永县地方性法规
17381,驾驶危险物品运输车辆在限速分别为60、70、80公里的城市快速路上行驶，超过规定时速百分之五十以上，时速分别达到120、140、160公里及以上的,《法》第四十二条、《条例》第四十五条、第四十六条、《剧毒化学品购买和公路运输许可证件管理办法》第十八条第二款,《法》第九十九条第一款第四项、第二款,扣留驾驶证,记12分,罚款2000，吊销机动车驾驶证,《法》第一百一十条第一款,江永县地方性法规
17390,驾驶校车、中型以上载客载货汽车、危险物品运输车辆以外的机动车在限速分别为60 、70、80公里的城市快速路上行驶，超过规定时速百分之五十以上，时速未达到120、140、160公里的,《法》第四十二条、《条例》第四十五条、第四十六条,《法》第九十九条第一款第四项、第二款,扣留驾驶证,记12分,罚款1500，可以吊销机动车驾驶证,《法》第一百一十条第一款,江永县地方性法规
17391,驾驶校车、中型以上载客载货汽车、危险物品运输车辆以外的机动车在限速分别为60 、70、80公里的城市快速路上行驶，超过规定时速百分之五十以上，时速分别达到120、140、160公里及以上的,《法》第四十二条、《条例》第四十五条、第四十六条,《法》第九十九条第一款第四项、第二款,扣留驾驶证,记12分,罚款2000，吊销机动车驾驶证,《法》第一百一十条第一款,江永县地方性法规
17400,代替实际机动车驾驶人接受交通违法行为处罚和记分牟取经济利益的,《道路交通安全违法行为记分管理办法》第三十条第二款,《道路交通安全违法行为记分管理办法》第三十条第二款,####,记12分,罚款3倍以下最高5万,####,江永县地方性法规
17410,驾驶中型以上载客汽车在限速分别为60、70、80公里的城市快速路上行驶，超过规定时速百分之五十以上，时速未达到120、140、160公里的,《法》第四十二条、《条例》第四十五条、第四十六条,《法》第九十九条第一款第四项、第二款,扣留驾驶证,记12分,罚款1500，可以吊销机动车驾驶证,《法》第一百一十条第一款,江永县地方性法规
17411,驾驶中型以上载客汽车辆在限速分别为60 、70、80公里的城市快速路上行驶，超过规定时速百分之五十以上，时速分别达到120、140、160公里及以上的,《法》第四十二条、《条例》第四十五条、第四十六条,《法》第九十九条第一款第四项、第二款,扣留驾驶证,记12分,罚款2000，吊销机动车驾驶证,《法》第一百一十条第一款,江永县地方性法规
17420,驾驶中型以上载货汽车在限速分别为60 、70、80公里的城市快速路上行驶，超过规定时速百分之五十以上，时速未达到120、140、160公里的,《法》第四十二条、《条例》第四十五条、第四十六条,《法》第九十九条第一款第四项、第二款,扣留驾驶证,记12分,罚款1500，可以吊销机动车驾驶证,《法》第一百一十条第一款,江永县地方性法规
17421,驾驶中型以上载货汽车辆在限速分别为60、70、80公里的城市快速路上行驶超过规定时速百分之五十以上，时速分别达到120、140、160公里及以上的,《法》第四十二条、《条例》第四十五条、第四十六条,《法》第九十九条第一款第四项、第二款,扣留驾驶证,记12分,罚款2000，吊销机动车驾驶证,《法》第一百一十条第一款,江永县地方性法规
17430,驾驶校车在限速分别为60、70、80公里城市快速路上行驶，超过规定时速百分之五十以上，时速未达到120、140、160公里的,《法》第四十二条、《条例》第四十五条、第四十六条,《法》第九十九条第一款第四项、第二款,扣留驾驶证,记12分,罚款1500，可以吊销机动车驾驶证,《法》第一百一十条第一款,江永县地方性法规
17431,驾驶校车在限速分别为60、70、80公里城市快速路上行驶，超过规定时速百分之五十以上，时速达到120、140、160公里及以上的,《法》第四十二条、《条例》第四十五条、第四十六条,《法》第九十九条第一款第四项、第二款,扣留驾驶证,记12分,罚款2000，吊销机动车驾驶证,《法》第一百一十条第一款,江永县地方性法规
19011,驾驶与准驾车型不符的机动车的（驶摩托车、拖拉机）,《法》第十九条第四款,《法》第九十九条第一款第一项、第二款,扣留驾驶证,记9分,罚款200,《法》第一百一十条第一款,江永县地方性法规
19012,驾驶与准驾车型不符的机动车的（摩托车、拖拉机以外的非营运机动车）,《法》第十九条第四款,《法》第九十九条第一款第一项、第二款,扣留驾驶证,记9分,罚款500,《法》第一百一十条第一款,江永县地方性法规
19013,驾驶与准驾车型不符的机动车的（营运机动车）,《法》第十九条第四款,《法》第九十九条第一款第一项、第二款,扣留驾驶证,记9分,罚款1000,《法》第一百一十条第一款,江永县地方性法规
19020,驾驶未悬挂机动车号牌的机动车上道路行驶的,《法》第十一条第一款,《法》第九十条,####,记9分,罚款200,####,江永县地方性法规
19030,驾驶故意遮挡机动车号牌的机动车上道路行驶的,《法》第十一条第二款,《法》第九十五条第二款、第九十条,####,记9分,罚款200,####,江永县地方性法规
19040,驾驶故意污损机动车号牌的机动车上道路行驶的,《法》第十一条第二款,《法》第九十五条第二款、第九十条,####,记9分,罚款200,####,江永县地方性法规
19050,驾驶机动车在城市快速路行车道上违法停车的,《条例》第八十二条第一项、第八十五条第一款,《法》第九十条,####,记9分,罚款200,####,江永县地方性法规
19060,驾驶机动车非紧急情况下在城市快速路应急车道上停车的,《条例》第八十二条第四项、第八十五条第一款,《法》第九十条,####,记9分,罚款200,####,江永县地方性法规
19070,连续驾驶中型以上载客汽车超过4小时未停车休息或者停车休息时间少于20分钟的,《法》第二十二条第二款、《条例》第六十二条第七项,《法》第九十条,####,记9分,罚款200,####,江永县地方性法规
19080,连续驾驶危险物品运输车辆超过4小时未停车休息或者停车休息时间少于20分钟的,《法》第二十二条第二款、《条例》第六十二条第七项,《法》第九十条,####,记9分,罚款200,####,江永县地方性法规
19090,驾驶人未取得校车驾驶资格驾驶校车的,《校车安全管理条例》第二十五条,《校车安全管理条例》第四十七条,扣留驾驶证,记9分,罚款3000，可以吊销机动车驾驶证,《法》第一百一十条第一款,江永县地方性法规
19120,驾驶7座以上载客汽车载人超过核定人数百分之五十以上未达到百分之百的,《法》第四十九条、《条例》第五十五条第一项,《法》第九十条,####,记9分,罚款200,####,江永县地方性法规
19130,驾驶校车在高速公路、城市快速路以外的道路上行驶（限速分别为60、70、80），超过规定时速百分之五十以上，时速未达到120、140、160公里的,《法》第四十二条、《条例》第四十五条、第四十六条,《法》第九十九条第一款第四项、第二款,扣留驾驶证,记9分,罚款1500，可以吊销机动车驾驶证,《法》第一百一十条第一款,江永县地方性法规
19131,驾驶校车在高速公路、城市快速路以外的道路上行驶（限速分别为60、70、80），超过规定时速百分之五十以上，时速达到120、140、160公里及以上的,《法》第四十二条、《条例》第四十五条、第四十六条,《法》第九十九条第一款第四项、第二款,扣留驾驶证,记9分,罚款2000，吊销机动车驾驶证,《法》第一百一十条第一款,江永县地方性法规
19140,驾驶中型以上载客汽车在高速公路、城市快速路以外的道路上行驶（限速分别为60、70、80）超过规定时速百分之五十以上，时速未达到120、140、160公里的,《法》第四十二条、《条例》第四十五条、第四十六条,《法》第九十九条第一款第四项、第二款,扣留驾驶证,记9分,罚款1500，可以吊销机动车驾驶证,《法》第一百一十条第一款,江永县地方性法规
19141,驾驶中型以上载客汽车在高速公路、城市快速路以外的道路上行驶（限速分别为60、70、80），超过规定时速百分之五十以上，时速达到120、140、160公里及以上的,《法》第四十二条、《条例》第四十五条、第四十六条,《法》第九十九条第一款第四项、第二款,扣留驾驶证,记9分,罚款2000，吊销机动车驾驶证,《法》第一百一十条第一款,江永县地方性法规
19150,驾驶危险物品运输车辆在高速公路、城市快速路以外的道路上（限速分别为60、70、80）行驶，超过规定时速百分之五十以上，时速未达到120、140、160公里的,《法》第四十二条、《条例》第四十五条、第四十六条,《法》第九十九条第一款第四项、第二款,扣留驾驶证,记9分,罚款1500，可以吊销机动车驾驶证,《法》第一百一十条第一款,江永县地方性法规
19151,驾驶危险物品运输车辆在高速公路、城市快速路以外的道路上行驶（限速分别为60、70、80），超过规定时速百分之五十以上，时速达到120、140、160公里及以上的,《法》第四十二条、《条例》第四十五条、第四十六条,《法》第九十九条第一款第四项、第二款,扣留驾驶证,记9分,罚款2000，吊销机动车驾驶证,《法》第一百一十条第一款,江永县地方性法规
19160,驾驶中型以上载货汽车在高速公路、城市快速路以外的道路上行驶（限速分别为60、70、80），超过规定时速百分之五十以上，时速未达120、140、160公里的,《法》第四十二条、《条例》第四十五条、第四十六条,《法》第九十九条第一款第四项、第二款,扣留驾驶证,记9分,罚款1500，可以吊销机动车驾驶证,《法》第一百一十条第一款,江永县地方性法规
19161,驾驶中型以上载货汽车在高速公路、城市快速路以外的道路上行驶（限速分别为60、70、80），超过规定时速百分之五十以上，时速达到120、140、160公里及以上的,《法》第四十二条、《条例》第四十五条、第四十六条,《法》第九十九条第一款第四项、第二款,扣留驾驶证,记9分,罚款2000，吊销机动车驾驶证,《法》第一百一十条第一款,江永县地方性法规
20010,非机动车造成交通事故后逃逸，尚不构成犯罪的,《法》第七十条第一款,《法》第九十九条第一款第三项、第二款,扣留非机动车,####,罚款500，处15日拘留,《法》第八十九条,江永县地方性法规
20020,非机动车违反交通管制的规定强行通行，不听劝阻的,《法》第三十九条、第四十条,《法》第九十九条第一款第六项、第二款,扣留非机动车,####,罚款500,《法》第八十九条,江永县地方性法规
20030,非机动车未依法登记，上道路行驶的,《法》第十八条第一款,《法》第八十九条,扣留非机动车,####,罚款50,《法》第八十九条,江永县地方性法规
20040,非机动车逆向行驶的,《法》第三十五条,《法》第八十九条,扣留非机动车,####,罚款50,《法》第八十九条,江永县地方性法规
20050,没有非机动车道的道路上，非机动车不靠车行道右侧行驶的,《法》第三十六条、第五十七条、,《法》第八十九条,####,####,警告,####,江永县地方性法规
20060,非机动车违反规定使用其他车辆专用车道的,《法》第三十七条,《法》第八十九条,扣留非机动车,####,罚款20,《法》第八十九条,江永县地方性法规
20070,非机动车不按照交通信号规定通行的,《法》第三十八条、《条例》第三十八条、四十条、四十一条、四十二条、四十三条,《法》第八十九条,扣留非机动车,####,罚款50,《法》第八十九条,江永县地方性法规
20080,非机动车驾驶人不服从交警指挥的,《法》第三十八条,《法》第八十九条,扣留非机动车,####,罚款50,《法》第八十九条,江永县地方性法规
20090,非机动车未在非机动车道内行驶的,《法》第五十七条,《法》第八十九条,扣留非机动车,####,罚款50,《法》第八十九条,江永县地方性法规
20100,醉酒驾驶、驾驭非机动车、畜力车的,《条例》第七十二条第三项、第七十三条第一项,《法》第八十九条,扣留非机动车,####,罚款50,《法》第八十九条,江永县地方性法规
20110,驾驶残疾人机动轮椅车超速行驶的,《法》第五十八条,《法》第八十九条,扣留非机动车,####,罚款20,《法》第八十九条,江永县地方性法规
20121,驾驶电动自行车时速超过15公里以上未达25到公里的,《法》第五十八条,《法》第八十九条,####,####,警告,####,江永县地方性法规
20122,驾驶电动自行车时速超过25公里以上未达35到公里的,《法》第五十八条,《法》第八十九条,扣留非机动车,####,罚款20,《法》第八十九条,江永县地方性法规
20123,驾驶电动自行车时速超过35公里以上的,《法》第五十八条,《法》第八十九条,扣留非机动车,####,罚款50,《法》第八十九条,江永县地方性法规
20130,非机动车不按规定载物的,《条例》第七十一条,《法》第八十九条,####,####,警告,####,江永县地方性法规
20140,非机动车不在规定地点停放的,《法》第五十九条,《法》第八十九条,####,####,警告,####,江永县地方性法规
20150,非机动车停放时妨碍其他车辆和行人通行的,《法》第五十九条,《法》第八十九条,扣留非机动车,####,罚款20,《法》第八十九条,江永县地方性法规
20160,非机动车通过路口，转弯的非机动车不让直行的车辆、行人优先通行的,《条例》第六十八条第一项,《法》第八十九条,扣留非机动车,####,罚款20,《法》第八十九条,江永县地方性法规
20170,非机动车通过路口，遇有前方路口交通阻塞时，强行进入的,《条例》第六十八条第二项,《法》第八十九条,扣留非机动车,####,罚款50,《法》第八十九条,江永县地方性法规
20180,非机动车通过路口，向左转弯时，不靠路口中心点右侧转弯的,《条例》第六十八条第三项,《法》第八十九条,扣留非机动车,####,罚款20,《法》第八十九条,江永县地方性法规
20190,非机动车遇停止信号时，停在停止线以内或路口内的,《条例》第六十八条第四项,《法》第八十九条、《湖南省电动自行车管理办法》第二十九条,####,####,警告,####,江永县地方性法规
20200,非机动车向右转弯遇同车道内有车等候放行信号不能转弯时，不依次等候的,《条例》第六十八条第五项,《法》第八十九条、《湖南省电动自行车管理办法》第二十九条,####,####,警告,####,江永县地方性法规
20210,行经无灯控或交警指挥的路口，不让标志、标线指示优先通行的一方先行的,《条例》第六十九条第一项,《法》第八十九条、《湖南省电动自行车管理办法》第二十九条,####,####,警告,####,江永县地方性法规
20220,行经无灯控、交警指挥或标志、标线控制的路口，无交通标志标线，不让右方道路的来车先行的,《条例》第六十九条第二项,《法》第八十九条、《湖南省电动自行车管理办法》第二十九条,####,####,警告,####,江永县地方性法规
20230,行经无灯控或交警指挥的路口，右转弯的非机动车不让左转弯的车辆先行的,《条例》第六十九条第三项,《法》第八十九条,####,####,警告,####,江永县地方性法规
20240,驾驶自行车、电动自行车、三轮车在路段上横过机动车道时不下车推行的,《条例》第七十条第一款,《法》第八十九条,####,####,警告,####,江永县地方性法规
20250,有人行横道时，非机动车不从人行横道横过机动车道的,《条例》第七十条第一款,《法》第八十九条、《湖南省电动自行车管理办法》第二十九条,扣留非机动车,####,罚款20,《法》第八十九条,江永县地方性法规
20260,有行人过街设施时，非机动车不从行人过街设施横过机动车道的,《条例》第七十条第一款,《法》第八十九条,####,####,警告,####,江永县地方性法规
20270,非机动车借道行驶后不迅速驶回非机动车道的,《条例》第七十条第二款,《法》第八十九条,####,####,警告,####,江永县地方性法规
20280,非机动车转弯时未减速慢行，伸手示意，突然猛拐的,《条例》第七十二条第四项,《法》第八十九条,扣留非机动车,####,罚款20,《法》第八十九条,江永县地方性法规
20290,非机动车超车时妨碍被超越的车辆行驶的,《条例》第七十二条第四项,《法》第八十九条,扣留非机动车,####,罚款20,《法》第八十九条,江永县地方性法规
20300,驾驶非机动车牵引车辆的,《条例》第七十二条第五项,《法》第八十九条,扣留非机动车,####,罚款20,《法》第八十九条,江永县地方性法规
20310,驾驶非机动车攀扶车辆的,《条例》第七十二条第五项,《法》第八十九条,扣留非机动车,####,罚款50,《法》第八十九条,江永县地方性法规
20320,非机动车被其他车辆牵引的,《条例》第七十二条第五项,《法》第八十九条,扣留非机动车,####,罚款20,《法》第八十九条,江永县地方性法规
20330,驾驶非机动车时双手离把的,《条例》第七十二条第五项,《法》第八十九条,扣留非机动车,####,罚款20,《法》第八十九条,江永县地方性法规
20340,驾驶非机动车时手中持物的,《条例》第七十二条第五项,《法》第八十九条,扣留非机动车,####,罚款20,《法》第八十九条,江永县地方性法规
20350,驾驶非机动车时扶身并行的,《条例》第七十二条第六项,《法》第八十九条,扣留非机动车,####,罚款20,《法》第八十九条,江永县地方性法规
20360,驾驶非机动车时互相追逐的,《条例》第七十二条第六项,《法》第八十九条,扣留非机动车,####,罚款50,《法》第八十九条,江永县地方性法规
20370,驾驶非机动车时曲折竞驶的,《条例》第七十二条第六项,《法》第八十九条,扣留非机动车,####,罚款50,《法》第八十九条,江永县地方性法规
20380,在道路上骑独轮自行车的,《条例》第七十二条第七项,《法》第八十九条,####,####,警告,####,江永县地方性法规
20390,在道路上骑2人以上骑行的自行车的,《条例》第七十二条第七项,《法》第八十九条,####,####,警告,####,江永县地方性法规
20400,非下肢残疾的人驾驶残疾人机动轮椅车的,《条例》第七十二条第八项,《法》第八十九条,####,####,警告,####,江永县地方性法规
20410,自行车加装动力装置的,《条例》第七十二条第九项,《法》第八十九条,扣留非机动车,####,罚款50,《法》第八十九条,江永县地方性法规
20420,三轮车加装动力装置的,《条例》第七十二条第九项,《法》第八十九条,扣留非机动车,####,罚款50,《法》第八十九条,江永县地方性法规
20430,在道路上学习驾驶非机动车的,《条例》第七十二条第十项,《法》第八十九条,####,####,警告,####,江永县地方性法规
20440,非机动车不避让盲人的,《法》第六十四条第二款,《法》第八十九条,####,####,警告,####,江永县地方性法规
20450,驾驭畜力车横过道路时，驾驭人未下车牵引牲畜的,《法》第六十条,《法》第八十九条,扣留非机动车,####,罚款20,《法》第八十九条,江永县地方性法规
20460,畜力车并行的,《条例》第七十三条第二项,《法》第八十九条,扣留非机动车,####,罚款20,《法》第八十九条,江永县地方性法规
20470,驾驶畜力车时驾驭人离开车辆的,《条例》第七十三条第二项,《法》第八十九条,扣留非机动车,####,罚款20,《法》第八十九条,江永县地方性法规
20480,驾驶畜力车时在容易发生危险的路段超车的,《条例》第七十三条第三项,《法》第八十九条,扣留非机动车,####,罚款20,《法》第八十九条,江永县地方性法规
20490,驾驶两轮畜力车不下车牵引牲畜的,《条例》第七十三条第三项,《法》第八十九条,扣留非机动车,####,罚款20,《法》第八十九条,江永县地方性法规
20500,使用未经驯服的牲畜驾车的,《条例》第七十三条第四项,《法》第八十九条,扣留非机动车,####,罚款20,《法》第八十九条,江永县地方性法规
20510,随车幼畜未栓系的,《条例》第七十三条第四项,《法》第八十九条,扣留非机动车,####,罚款20,《法》第八十九条,江永县地方性法规
20520,停放畜力车时未拉紧车闸的,《条例》第七十三条第五项,《法》第八十九条,扣留非机动车,####,罚款20,《法》第八十九条,江永县地方性法规
20530,停放畜力车时未栓系牲畜的,《条例》第七十三条第五项,《法》第八十九条,扣留非机动车,####,罚款20,《法》第八十九条,江永县地方性法规
20540,未满12周岁驾驶自行车、三轮车的,《条例》第七十二条第一项,《法》第八十九条,####,####,罚款50,####,江永县地方性法规
20550,未满16周岁驾驶、驾驭电动自行车、残疾人机动轮椅、畜力车的,《条例》第七十二条第二项、第七十三条,《法》第八十九条,扣留非机动车,####,罚款50,《法》第八十九条,江永县地方性法规
30010,行人违反交通信号通行的,《法》第三十八条、第六十二条、《条例》第三十八条第二款、三十九条、四十三条,《法》第八十九条,####,####,罚款20,####,江永县地方性法规
30020,行人不服从交警指挥的,《法》第三十八条,《法》第八十九条,####,####,罚款20,####,江永县地方性法规
30030,行人不在人行道内行走的,《法》第六十一条,《法》第八十九条,####,####,警告,####,江永县地方性法规
30040,行人在没有划分机动车道、非机动车道和人行道的道路上，不靠路边行走的,《法》第三十六条、六十一条,《法》第八十九条,####,####,警告,####,江永县地方性法规
30050,行人横过道路未走人行横道或过街设施的,《法》第六十二条、《条例》第七十五条,《法》第八十九条,####,####,警告,####,江永县地方性法规
30060,行人跨越道路隔离设施的,《法》第六十三条,《法》第八十九条,####,####,罚款10,####,江永县地方性法规
30070,行人倚坐道路隔离设施的,《法》第六十三条,《法》第八十九条,####,####,罚款10,####,江永县地方性法规
30080,行人扒车的,《法》第六十三条,《法》第八十九条,####,####,罚款20,####,江永县地方性法规
30090,行人强行拦车的,《法》第六十三条,《法》第八十九条,####,####,罚款20,####,江永县地方性法规
30100,行人实施其他妨碍交通安全的行为的,《法》第六十三条,《法》第八十九条,####,####,罚款20,####,江永县地方性法规
30110,学龄前儿童以及不能辨认或不能控制自己行为的精神疾病患者、智力障碍者在道路上通行时，没有其监护人或对其负有管理职责的人带领的,《法》第六十四条第一款,《法》第八十九条,####,####,罚款10,####,江永县地方性法规
30120,盲人在道路上通行，未使用导盲手段的,《法》第六十四条第二款,《法》第八十九条,####,####,警告,####,江永县地方性法规
30130,行人不按规定通过铁路道口的,《法》第六十五条,《法》第八十九条,####,####,警告,####,江永县地方性法规
30140,在道路上使用滑行工具的,《条例》第七十四条第一项,《法》第八十九条,####,####,警告,####,江永县地方性法规
30150,行人在车行道内坐卧、停留、嬉闹的,《条例》第七十四条第二项,《法》第八十九条,####,####,罚款20,####,江永县地方性法规
30160,行人有追车、抛物击车等妨碍道路交通安全的行为的,《条例》第七十四条第三项,《法》第八十九条,####,####,罚款20,####,江永县地方性法规
30170,行人不按规定横过机动车道的,《法》第六十二条、《条例》第七十五条,《法》第八十九条,####,####,罚款10,####,江永县地方性法规
30180,行人列队在道路上通行时每横列超过2人的,《条例》第七十六条,《法》第八十九条,####,####,警告,####,江永县地方性法规
30190,机动车行驶时，乘坐人员未按规定使用安全带的,《法》第五十一条,《法》第八十九条,####,####,罚款10,####,江永县地方性法规
30200,乘坐摩托车不戴安全头盔的,《法》第五十一条,《法》第八十九条,####,####,罚款10,####,江永县地方性法规
30210,乘车人携带易燃、易爆等危险物品的,《法》第六十六条,《法》第八十九条,####,####,罚款20,####,江永县地方性法规
30220,乘车人向车外抛洒物品的,《法》第六十六条,《法》第八十九条,####,####,警告,####,江永县地方性法规
30230,乘车人有影响驾驶人安全驾驶的行为的,《法》第六十六条,《法》第八十九条,####,####,罚款10,####,江永县地方性法规
30240,在机动车道上拦乘机动车的,《条例》第七十七条第一项,《法》第八十九条,####,####,罚款10,####,江永县地方性法规
30250,在机动车道上从机动车左侧上下车的,《条例》第七十七条第二项,《法》第八十九条,####,####,警告,####,江永县地方性法规
30260,开关车门妨碍其他车辆和行人通行的,《条例》第七十七条第三项,《法》第八十九条,####,####,罚款20,####,江永县地方性法规
30270,机动车行驶中乘坐人员干扰驾驶的,《条例》第七十七条第四项,《法》第八十九条,####,####,罚款20,####,江永县地方性法规
30280,机动车行驶中乘坐人员将身体任何部分伸出车外的,《条例》第七十七条第四项,《法》第八十九条,####,####,警告,####,江永县地方性法规
30290,乘车人在机动车行驶中跳车的,《条例》第七十七条第四项,《法》第八十九条,####,####,罚款20,####,江永县地方性法规
30300,乘坐两轮摩托车未正向骑坐的,《条例》第七十七条第五项,《法》第八十九条,####,####,警告,####,江永县地方性法规
40010,行人进入高速公路的,《法》第六十七条,《法》第八十九条,####,####,罚款20,####,江永县地方性法规
40020,拖拉机驶入高速公路的,《法》第五十五条第一款、第六十七条,《法》第九十条,####,####,罚款200,####,江永县地方性法规
40030,非机动车驶入高速公路的,《法》第六十七条,《法》第八十九条,####,####,罚款50,####,江永县地方性法规
40040,在高速公路上车辆发生故障或事故后，车上人员未迅速转移到右侧路肩上或者应急车道内的,《法》第六十八条第一款,《法》第八十九条,####,####,罚款20,####,江永县地方性法规
40050,机动车从匝道进入或驶离高速公路时不按规定使用灯光的,《条例》第七十九条第一款、第二款,《法》第九十条,####,####,罚款100,####,江永县地方性法规
40060,机动车从匝道进入高速公路时妨碍已在高速公路内的机动车正常行驶的,《条例》第七十九条第一款,《法》第九十条,####,####,罚款100,####,江永县地方性法规
40070,在高速公路的路肩上行驶的,《条例》第八十二条第三项,《法》第九十条,####,####,罚款200,####,江永县地方性法规
40090,机动车在高速公路上通过施工作业路段，不减速行驶的,《条例》第八十四条,《法》第九十条,####,####,罚款100,####,江永县地方性法规
40100,在高速公路上骑、轧车行道分界线的,《条例》第八十二条第三项,《法》第九十条,####,####,罚款200,####,江永县地方性法规
40110,在高速公路上试车或学习驾驶机动车的,《条例》第八十二条第五项,《法》第九十条,####,####,罚款200,####,江永县地方性法规
40120,在高速公路上违反规定拖曳故障车、肇事车的,《法》第六十八条第二款,《法》第九十条,####,####,罚款200,####,江永县地方性法规
40140,在高速公路上行驶的载货汽车车厢载人的,《条例》第八十三条,《法》第九十条,####,####,罚款200,####,江永县地方性法规
40150,在高速公路上行驶的两轮摩托车载人的,《条例》第八十三条,《法》第九十条,####,####,罚款200,####,江永县地方性法规
40160,驾驶机动车在高速公路上行驶低于规定时速20%以下的,《条例》第七十八条第三款,《法》第九十条,####,####,警告,####,江永县地方性法规
40170,低能见度气象条件下，驾驶机动车在高速公路上不按规定行驶的,《条例》第八十一条第一款,《法》第九十条,####,####,罚款200,####,江永县地方性法规
40180,驾驶设计最高时速低于70公里的机动车进入高速公路的,《法》第六十七条,《法》第九十条,####,####,罚款200,####,江永县地方性法规
41010,在高速公路上行驶时，驾驶人未按规定使用安全带的,《法》第五十一条,《法》第九十条,####,记1分,罚款50,####,江永县地方性法规
43020,机动车在高速公路上发生故障或事故后，不按规定使用灯光的,《法》第六十八条第一款、《条例》第六十条,《法》第九十条,####,记3分,罚款200,####,江永县地方性法规
43030,机动车在高速公路上发生故障或事故后，不按规定设置警告标志的,《法》第六十八条第一款、《条例》第六十条,《法》第九十条,####,记3分,罚款200,####,江永县地方性法规
43061,驾驶机动车在高速公路上正常情况下行驶速度低于规定最低时速20%以上的,《条例》第七十八条第三款,《法》第九十条,####,记3分,罚款200,####,江永县地方性法规
43110,在高速公路上不按规定超车的,《条例》第八十二条第二项,《法》第九十条,####,记3分,罚款200,####,江永县地方性法规
43120,驾驶机动车在高速公路上不按规定车道行驶的,《条例》第四十四条第一款,《法》第九十条,####,记3分,罚款200,####,江永县地方性法规
46080,驾驶机动车在高速公路上违法占用应急车道行驶的,《条例》第八十二条第四项,《法》第九十条,####,记6分,罚款200,####,江永县地方性法规
46090,驾驶中型以上载客汽车在高速公路上行驶超过规定时速未达到百分之二十的,《法》第四十二条、《条例》第七十八条,《法》第九十条,####,记6分,罚款200,####,江永县地方性法规
46100,驾驶中型以上载货汽车在高速公路上行驶超过规定时速未达到百分之二十的,《法》第四十二条、《条例》第七十八条,《法》第九十条,####,记6分,罚款200,####,江永县地方性法规
46110,驾驶校车在高速公路上行驶超过规定时速未达到百分之二十的,《法》第四十二条、《条例》第七十八条,《法》第九十条,####,记6分,罚款200,####,江永县地方性法规
46120,驾驶危险物品运输车辆在高速公路上行驶超过规定时速未达到百分之二十的,《法》第四十二条、《条例》第七十八条、《剧毒化学品购买和公路运输许可证件管理办法》第十八条第二款,《法》第九十条,####,记6分,罚款200,####,江永县地方性法规
46160,驾驶校车、中型以上载客载货汽车、危险物品运输车辆以外的机动车在高速公路上行驶超过规定时速百分之二十以上未达到百分之五十的,《法》第四十二条、《条例》第七十八条,《法》第九十条,####,记6分,罚款200,####,江永县地方性法规
47010,在高速公路上倒车的,《条例》第八十二条第一项,《法》第九十条,####,记12分,罚款200,####,江永县地方性法规
47020,在高速公路上逆行的,《条例》第八十二条第一项,《法》第九十条,####,记12分,罚款200,####,江永县地方性法规
47030,在高速公路上穿越中央分隔带掉头的,《条例》第八十二条第一项,《法》第九十条,####,记12分,罚款200,####,江永县地方性法规
47060,在高速公路上行驶超过规定时速百分之二十以上未达到百分之五十的,《法》第四十二条、《条例》第七十八条,《法》第九十条,####,记12分,罚款200,####,江永县地方性法规
47070,驾驶中型以上载货汽车在高速公路上行驶超过规定时速百分之二十以上未达到百分之五十的,《法》第四十二条、《条例》第七十八条,《法》第九十条,####,记12分,罚款200,####,江永县地方性法规
47080,驾驶校车在高速公路上行驶超过规定时速百分之二十以上未达到百分之五十的,《法》第四十二条、《条例》第七十八条,《法》第九十条,####,记12分,罚款200,####,江永县地方性法规
47090,驾驶危险物品运输车辆在高速公路上行驶超过规定时速百分之二十以上未达到百分之五十的,《法》第四十二条、《条例》第七十八条、《剧毒化学品购买和公路运输许可证件管理办法》第十八条第二款,《法》第九十条,####,记12分,罚款200,####,江永县地方性法规
47101,驾驶中型以上载客汽车在高速公路上行驶超过规定时速百分之五十以上，时速未达到180公里的,《法》第四十二条、《条例》第七十八条,《法》第九十九条第一款第四项、第二款,扣留驾驶证,记12分,罚款1500，可以吊销机动车驾驶证,《法》第一百一十条第一款,江永县地方性法规
47102,驾驶中型以上载客汽车在高速公路上行驶超过规定时速百分之五十以上，时速达到180公里及以上的,《法》第四十二条、《条例》第七十八条,《法》第九十九条第一款第四项、第二款,扣留驾驶证,记12分,罚款2000，吊销机动车驾驶证,《法》第一百一十条第一款,江永县地方性法规
47111,驾驶中型以上载货汽车在高速公路上行驶超过规定时速百分之五十以上，时速未达到180公里的,《法》第四十二条、《条例》第七十八条,《法》第九十九条第一款第四项、第二款,扣留驾驶证,记12分,罚款1500，可以吊销机动车驾驶证,《法》第一百一十条第一款,江永县地方性法规
47112,驾驶中型以上载货汽车在高速公路上行驶超过规定时速百分之五十以上，时速达到180公里及以上的,《法》第四十二条、《条例》第七十八条,《法》第九十九条第一款第四项、第二款,扣留驾驶证,记12分,罚款2000，吊销机动车驾驶证,《法》第一百一十条第一款,江永县地方性法规
47121,驾驶校车在高速公路上行驶超过规定时速百分之五十以上，时速未达到180公里的,《法》第四十二条、《条例》第,《法》第九十九条第一款第四项、第二款,扣留驾驶证,记12分,罚款1500，可以吊销机动车驾驶证,《法》第一百一十条第一款,江永县地方性法规
47122,驾驶校车在高速公路上行驶超过规定时速百分之五十以上，时速达到180公里及以上的,《法》第四十二条、《条例》第,《法》第九十九条第一款第四项、第二款,扣留驾驶证,记12分,罚款2000，吊销机动车驾驶证,《法》第一百一十条第一款,江永县地方性法规
47131,驾驶危险物品运输车辆在高速公路上行驶超过规定时速百分之五十以上，时速未达到180公里的,《法》第四十二条、《条例》第七十八条、《剧毒化学品购买和公路运输许可证件管理办法》第十八条第二款,《法》第九十九条第一款第四项、第二款,扣留驾驶证,记12分,罚款1500，可以吊销机动车驾驶证,《法》第一百一十条第一款,江永县地方性法规
47132,驾驶危险物品运输车辆在高速公路上行驶超过规定时速百分之五十以上，时速达到180公里及以上的,《法》第四十二条、《条例》第七十八条、《剧毒化学品购买和公路运输许可证件管理办法》第十八条第二款,《法》第九十九条第一款第四项、第二款,扣留驾驶证,记12分,罚款1500，吊销机动车驾驶证,《法》第一百一十条第一款,江永县地方性法规
47140,驾驶校车、中型以上载客载货汽车、危险物品运输车辆以外的机动车在高速公路上行驶超过规定时速百分之五十以上，时速未达到180公里的,《法》第四十二条、《条例》第七十八条,《法》第九十九条第一款第四项、第二款,扣留驾驶证,记12分,罚款1500，可以吊销机动车驾驶证,《法》第一百一十条第一款,江永县地方性法规
47141,驾驶校车、中型以上载客载货汽车、危险物品运输车辆以外的机动车在高速公路上行驶超过规定时速百分之五十以上，时速达到180公里及以上的,《法》第四十二条、《条例》第四十五条、第四十六条,《法》第九十九条第一款第四项、第一百一十条第一款,扣留驾驶证,记12分,罚款2000，吊销机动车驾驶证,《法》第一百一十条第一款,江永县地方性法规
49010,驾驶机动车在高速公路行车道上违法停车的,《条例》第八十二条第一项,《法》第九十条,####,记9分,罚款200,####,江永县地方性法规
50010,伪造、变造摩托车、拖拉机机动车登记证书的,《法》第十六条第三项,《法》第九十六条第一款,收缴物品,####,罚款3000，处5日拘留,《法》第一百条第一款,江永县地方性法规
50011,伪造、变造机动车登记证书的,《法》第十六条第三项,《法》第九十六条第一款,收缴物品,####,罚款4000，处10日拘留,《法》第一百条第一款,江永县地方性法规
50012,伪造、变造营运车辆机动车登记证书的,《法》第十六条第三项,《法》第九十六条第一款,收缴物品,####,罚款5000，处15日拘留,《法》第一百条第一款,江永县地方性法规
50020,伪造、变造摩托车、拖拉机机动车号牌的,《法》第十六条第三项,《法》第九十六条第一款,收缴物品,####,罚款3000，处5日拘留,《法》第一百条第一款,江永县地方性法规
50021,伪造、变造拖拉机、摩托车以外非营运机动车号牌的,《法》第十六条第三项,《法》第九十六条第一款,收缴物品,####,罚款4000，处10日拘留,《法》第一百条第一款,江永县地方性法规
50022,伪造、变造营运机动车号牌的,《法》第十六条第三项,《法》第九十六条第一款,收缴物品,####,罚款5000，处15日拘留,《法》第一百条第一款,江永县地方性法规
50030,伪造、变造摩托车、拖拉机机动车行驶证,《法》第十六条第三项,《法》第九十六条第一款,收缴物品,####,罚款3000，处5日拘留,《法》第一百条第一款,江永县地方性法规
50031,伪造、变造拖拉机、摩托车以外非营运车辆行驶证的,《法》第十六条第三项,《法》第九十六条第一款,收缴物品,####,罚款4000，处10日拘留,《法》第一百条第一款,江永县地方性法规
50032,伪造、变造营运车辆机动车行驶证,《法》第十六条第三项,《法》第九十六条第一款,收缴物品,####,罚款5000，处15日拘留,《法》第一百条第一款,江永县地方性法规
50040,伪造、变造摩托车、拖拉机机动车检验合格标志,《法》第十六条第三项,《法》第九十六条第二款,收缴物品,####,罚款2000，处5日拘留,《法》第一百条第一款,江永县地方性法规
50041,伪造、变造拖拉机、摩托车以外非营运机动车检验合格标志,《法》第十六条第三项,《法》第九十六条第二款,收缴物品,####,罚款2500，处7日拘留,《法》第一百条第一款,江永县地方性法规
50042,伪造、变造营运车辆机动车检验合格标志,《法》第十六条第三项,《法》第九十六条第二款,收缴物品,####,罚款3000，处10日拘留,《法》第一百条第一款,江永县地方性法规
50050,伪造、变造摩托车、拖拉机机动车保险标志的,《法》第十六条第三项,《法》第九十六条第二款,收缴物品,####,罚款2000，处5日拘留,《法》第一百条第一款,江永县地方性法规
50051,伪造、变造拖拉机、摩托车以外非营运机动车保险标志的,《法》第十六条第三项,《法》第九十六条第二款,收缴物品,####,罚款2500，处7日拘留,《法》第一百条第一款,江永县地方性法规
50052,伪造、变造营运车辆机动车保险标志的,《法》第十六条第三项,《法》第九十六条第二款,收缴物品,####,罚款3000，处10日拘留,《法》第一百条第一款,江永县地方性法规
50060,伪造、变造摩托车、拖拉机机动车驾驶证的,《法》第九十六条第一款,《法》第九十六条第一款,收缴物品,####,罚款3000，处5日拘留,《法》第一百条第一款,江永县地方性法规
50061,伪造、变造拖拉机、摩托车以外非营运机动车驾驶证的,《法》第九十六条第一款,《法》第九十六条第一款,收缴物品,####,罚款4000，处10日拘留,《法》第一百条第一款,江永县地方性法规
50062,伪造、变造营运车辆机动车驾驶证的,《法》第九十六条第一款,《法》第九十六条第一款,收缴物品,####,罚款5000，处15日拘留,《法》第一百条第一款,江永县地方性法规
50070,使用伪造、变造的机动车登记证书的,《法》第十六条第三项,《法》第九十六条第一款,收缴物品,####,罚款3000，处5日拘留,《法》第一百条第一款,江永县地方性法规
50071,使用伪造、变造拖拉机、摩托车以外非营运机动车登记证书的,《法》第十六条第三项,《法》第九十六条第一款,收缴物品,####,罚款4000，处7日拘留,《法》第一百条第一款,江永县地方性法规
50072,使用伪造、变造的营运车辆机动车登记证书的,《法》第十六条第三项,《法》第九十六条第一款,收缴物品,####,罚款5000，处10日拘留,《法》第一百条第一款,江永县地方性法规
50100,使用伪造、变造的摩托车、拖拉机检验合格标志的,《法》第十六条第三项,《法》第九十六条第二款,收缴物品,####,罚款2000，处5日拘留,《法》第一百条第一款,江永县地方性法规
50101,使用伪造、变造拖拉机、摩托车以外非营运机动车检验合格标志的,《法》第十六条第三项,《法》第九十六条第二款,收缴物品,####,罚款2500，处7日拘留,《法》第一百条第一款,江永县地方性法规
50102,使用伪造、变造的营运车辆机动车检验合格标志的,《法》第十六条第三项,《法》第九十六条第二款,收缴物品,####,罚款3000，处10日拘留,《法》第一百条第一款,江永县地方性法规
50110,使用伪造、变造的摩托车、拖拉机机动车保险标志的,《法》第十六条第三项,《法》第九十六条第二款,收缴物品,####,罚款2000，处5日拘留,《法》第一百条第一款,江永县地方性法规
50111,使用伪造、变造的拖拉机、摩托车以外非营运机动车保险标志的,《法》第十六条第三项,《法》第九十六条第二款,收缴物品,####,罚款2500，处7日拘留,《法》第一百条第一款,江永县地方性法规
50112,使用伪造、变造的营运机动车保险标志的,《法》第十六条第三项,《法》第九十六条第二款,收缴物品,####,罚款3000，处10日拘留,《法》第一百条第一款,江永县地方性法规
50130,使用其它摩托车、拖拉机的机动车登记证书的,《法》第十六条第四项,《法》第九十六条第三款,收缴物品,####,罚款3000,《法》第一百条第一款,江永县地方性法规
50131,使用除摩托车、拖拉机以外的其他非营运机动的机动车登记证书的,《法》第十六条第四项,《法》第九十六条第三款,收缴物品,####,罚款4000,《法》第一百条第一款,江永县地方性法规
50132,使用其他营运车辆的机动车登记证书的,《法》第十六条第四项,《法》第九十六条第三款,收缴物品,####,罚款5000,《法》第一百条第一款,江永县地方性法规
50160,使用其他摩托车、拖拉机的机动车检验合格标志的,《法》第十六条第四项,《法》第九十六条第三款,收缴物品,####,罚款3000,《法》第一百条第一款,江永县地方性法规
50161,使用除摩托车、拖拉机以外的其他非营运机动检验合格标志的,《法》第十六条第四项,《法》第九十六条第三款,收缴物品,####,罚款4000,《法》第一百条第一款,江永县地方性法规
50162,使用其他营运车辆的机动车检验合格标志的,《法》第十六条第四项,《法》第九十六条第三款,收缴物品,####,罚款5000,《法》第一百条第一款,江永县地方性法规
50170,使用其他摩托车、拖拉机的机动车保险标志的,《法》第十六条第四项,《法》第九十六条第三款,收缴物品,####,罚款3000,《法》第一百条第一款,江永县地方性法规
50171,使用其他车辆的机动车保险标志的,《法》第十六条第四项,《法》第九十六条第三款,收缴物品,####,罚款4000,《法》第一百条第一款,江永县地方性法规
50172,使用其他营运车辆的机动车保险标志的,《法》第十六条第四项,《法》第九十六条第三款,收缴物品,####,罚款5000,《法》第一百条第一款,江永县地方性法规
50180,强迫驾驶人违反交通安全法律、法规和安全驾驶要求驾驶机动车，造成财产损失事故，积极履行赔付义务的,《法》第二十二条第三款,《法》第九十九条第一款第五项、第二款,####,####,罚款500,####,江永县地方性法规
50181,强迫驾驶人违反交通安全法律、法规和安全驾驶要求驾驶机动车，造成财产损失事故，拒不履行赔付义务的,《法》第二十二条第三款,《法》第九十九条第一款第五项、第二款,####,####,罚款1500，可以处10日拘留,####,江永县地方性法规
50182,强迫驾驶人违反交通安全法律、法规和安全驾驶要求驾驶机动车，造成伤人以上道路交通事故，尚不构成犯罪的,《法》第二十二条第三款,《法》第九十九条第一款第五项、第二款,####,####,罚款2000，处15日拘留,####,江永县地方性法规
50190,故意损毁交通设施，仅造成财产损失事故，积极履行赔付义务的,《法》第二十八条第一款,《法》第九十九条第一款第七项、第二款,####,####,罚款500,####,江永县地方性法规
50191,故意损毁交通设施，仅造成财产损失事故，拒不履行赔付义务的,《法》第二十八条第一款,《法》第九十九条第一款第七项、第二款,####,####,罚款1500，可以处10日拘留,####,江永县地方性法规
50192,故意损毁交通设施，造成伤人以上道路交通事故，尚不构成犯罪的,《法》第二十八条第一款,《法》第九十九条第一款第七项、第二款,####,####,罚款2000，处15日拘留,####,江永县地方性法规
50200,故意移动交通设施，仅造成财产损失事故，积极履行赔付义务的,《法》第二十八条第一款,《法》第九十九条第一款第七项、第二款,####,####,罚款500,####,江永县地方性法规
50201,故意移动交通设施，仅造成财产损失事故，拒不履行赔付义务的,《法》第二十八条第一款,《法》第九十九条第一款第七项、第二款,####,####,罚款1500，可以处10日拘留,####,江永县地方性法规
50202,故意移动交通设施，造成伤人以上道路交通事故，尚不构成犯罪的,《法》第二十八条第一款,《法》第九十九条第一款第七项、第二款,####,####,罚款2000，处15日拘留,####,江永县地方性法规
50210,故意涂改交通设施，造成危害后果，尚不构成犯罪的（仅造成财产损失事故，积极履行赔付义务的）,《法》第九十九条第一款第七项,《法》第九十九条第一款第七项、第二款,####,####,罚款500,####,江永县地方性法规
50211,故意涂改交通设施，仅造成财产损失事故，拒不履行赔付义务的,《法》第九十九条第一款第七项,《法》第九十九条第一款第七项、第二款,####,####,罚款1500，处10日拘留,####,江永县地方性法规
50212,故意涂改交通设施，造成伤人以上道路交通事故，尚不构成犯罪的,《法》第九十九条第一款第七项,《法》第九十九条第一款第七项、第二款,####,####,罚款2000，处15日拘留,####,江永县地方性法规
50220,非法拦载机动车，不听劝阻，造成交通严重阻塞,《法》第九十九条第一款第八项,《法》第九十九条第一款第八项、第二款,####,####,罚款1500，处10日拘留,####,江永县地方性法规
50221,非法拦载机动车，不听劝阻，造成交通严重阻塞、较大财产损失的,《法》第九十九条第一款第八项,《法》第九十九条第一款第八项、第二款,####,####,罚款2000，处15日拘留,####,江永县地方性法规
50230,非法扣留机动车辆，不听劝阻，造成交通严重阻塞,《法》第九十九条第一款第八项,《法》第九十九条第一款第八项、第二款,####,####,罚款1500，处15日拘留,####,江永县地方性法规
50231,非法扣留机动车辆，不听劝阻，造成较大财产损失的,《法》第九十九条第一款第八项,《法》第九十九条第一款第八项、第二款,####,####,罚款2000，处15日拘留,####,江永县地方性法规
50240,在省道、县道道两侧及隔离带上种植物或设置广告牌、管线等，遮挡路灯、交通信号灯、交通标志，妨碍安全视距拒不排除障碍的,《法》第二十八条第二款,《法》第一百零六条,####,####,罚款500,####,江永县地方性法规
50241,在城市快速路道路两侧及隔离带上种植物或设置广告牌、管线等，遮挡路灯、交通信号灯、交通标志，妨碍安全视距拒不排除障碍的,《法》第二十八条第二款,《法》第一百零六条,####,####,罚款1500,####,江永县地方性法规
50242,在高速公路道路两侧及隔离带上种植物或设置广告牌、管线等，遮挡路灯、交通信号灯、交通标志，妨碍安全视距拒不排除障碍的,《法》第二十八条第二款,《法》第一百零六条,####,####,罚款2000,####,江永县地方性法规
50250,在省道、县道道路两侧及隔离带上种植物或设置广告牌、管线等，遮挡路灯、交通信号灯、交通标志，妨碍安全视距的,《法》第二十八条第二款,《法》第一百零六条,####,####,罚款500,####,江永县地方性法规
50251,在城市道路两侧及隔离带上种植物或设置广告牌、管线等，遮挡路灯、交通信号灯、交通标志，妨碍安全视距的,《法》第二十八条第二款,《法》第一百零六条,####,####,罚款1500,####,江永县地方性法规
50252,在高速公路道路两侧及隔离带上种植物或设置广告牌、管线等，遮挡路灯、交通信号灯、交通标志，妨碍安全视距的,《法》第二十八条第二款,《法》第一百零六条,####,####,罚款2000,####,江永县地方性法规
50260,擅自挖掘道路影响交通安全的,《法》第三十一条、第三十二条,《法》第一百零四条第一款,####,####,罚款20000,####,江永县地方性法规
50270,擅自占用道路施工影响交通安全的,《法》第三十一条、第三十二条,《法》第一百零四条第一款,####,####,罚款20000,####,江永县地方性法规
50280,从事其他影响交通安全活动的,《法》第三十一条、第三十二条,《法》第一百零四条第一款,####,####,罚款20000,####,江永县地方性法规
50290,出售已达到报废标准的机动车的,《法》第十四条,《法》第一百条第三款,收缴物品,####,罚款销售金额等额的罚款,《法》第一百条第一款,江永县地方性法规
50300,其他机动车喷涂特种车特定标志图案的,《法》第十五条第一款,《法》第九十条,####,####,罚款200,####,江永县地方性法规
50310,生产拼装机动车的,《法》第十六条第一项,《法》第一百零三条第四款,收缴物品,####,罚款200000,《法》第一百条第一款,江永县地方性法规
50320,生产擅自改装的机动车的,《法》第十六条第一项,《法》第一百零三条第四款,####,####,罚款200000,####,江永县地方性法规
50330,销售拼装机动车的,《法》第一百零三条第四款,《法》第一百零三条第四款,####,####,罚款200000,####,江永县地方性法规
50340,销售擅自改装的机动车的,《法》第一百零三条第四款,《法》第一百零三条第四款,####,####,罚款200000,####,江永县地方性法规
50350,服用国家管制的精神药品或麻醉药品仍继续驾驶的,《法》第二十二条第二款,《法》第九十条,可以拖移机动车,####,罚款200,《条例》第一百零四条,江永县地方性法规
50360,患有妨碍安全驾驶机动车的疾病仍继续驾驶的,《法》第二十二条第二款,《法》第九十条,可以拖移机动车,####,罚款200,《条例》第一百零四条,江永县地方性法规
50370,过度疲劳仍继续驾驶的,《法》第二十二条第二款,《法》第九十条,可以拖移机动车,####,罚款200,《条例》第一百零四条,江永县地方性法规
50381,重型、中型载货汽车及其挂车的车身或者车厢后部未按规定喷涂放大的牌号的,《条例》第十三条第一款,《机动车登记规定》第七十八条第一项,####,####,警告,####,江永县地方性法规
50382,客运车辆未按规定喷涂放大的牌号、放大牌号不清晰的,《条例》第十三条第一款,《机动车登记规定》第七十八条第一项,####,####,警告,####,江永县地方性法规
50390,对符合暂扣和可以吊销机动车驾驶证情形，机动车驾驶证被扣留后驾驶人无正当理由逾期未接受处理的,《法》第一百一十条,《法》第一百一十条,扣留驾驶证,####,吊销机动车驾驶证,《法》第一百一十条第一款,江永县地方性法规
50400,以欺骗、贿赂等不正当手段取得机动车登记的,《条例》第一百零三条,《条例》第一百零三条、《机动车登记规定》第八十一条第一款,收缴物品,####,罚款2000,《法》第一百条第一款,江永县地方性法规
50410,以欺骗、贿赂等不正当手段取得机动车驾驶证的,《条例》第一百零三条,《条例》第一百零三条、《机动车驾驶证申领和使用规定》第九十三条第三款,收缴物品,####,罚款2000,《法》第一百条第一款,江永县地方性法规
50420,12个月内累积记分达到12分拒不参加学习也不接受考试的,《条例》第二十五条,《条例》第二十五条,####,####,公告停用,####,江永县地方性法规
50430,车辆被扣留后，经公告三个月后仍不来接受处理的,《法》第一百一十二条第三款,《法》第一百一十二条第三款、《条例》第一百零七条,####,####,警告，依法处理,####,江永县地方性法规
50441,机动车安全技术检验机构对摩托车、三轮汽车、低速载货汽车、小型、微型载客汽车、轻型、微型载货汽车等机动车出具虚假机动车安全技术检验结果的,《法》第九十四条第二款,《法》第九十四条第二款,####,####,罚款所收检验费用5倍以上8倍以下罚款,####,江永县地方性法规
50442,机动车安全技术检验机构对大型载客汽车，重型、中型全挂、半挂汽车，核载十人以上的城市公共汽车，重型、中型载货汽车等机动车出具虚假机动车安全技术检验结果的,《法》第九十四条第二款,《法》第九十四条第二款,####,####,罚款所收检验费用8倍以上10倍以下罚款,####,江永县地方性法规
50450,擅自停止使用停车场或改作他用的,《法》第三十三条第一款,《法》第三十三条第一款,####,####,责令限期改正；逾期不改正的，按照《湖南省停车场管理办法》处以每车位每日100元罚款,####,江永县地方性法规
50463,运输单位的客运车辆载客或货运车辆超载，经处罚不改的(对直接负责的主管人员),《法》第九十二条第四款,《法》第九十二条第四款、《办法》第六十条,####,####,罚款2000,####,江永县地方性法规
50464,运输单位的客运车辆载客或货运车辆超载，经两次以上处罚不改的(对直接负责的主管人员),《法》第九十二条第四款,《法》第九十二条第四款、《办法》第六十条,####,####,罚款5000,####,江永县地方性法规
50470,改变机动车型号、发动机号、车架号或者车辆识别代号的,《法》第十六条第二项,《机动车登记规定》第七十九条,####,####,罚款500,####,江永县地方性法规
50480,未经许可，占用道路从事非交通活动的,《法》第三十一条,《法》第一百零四条,####,####,罚款200000,####,江永县地方性法规
50500,车辆所有人使用拼装的机动车接送学生的,《校车安全管理条例》第四十四条,《校车安全管理条例》第四十四条,收缴物品,####,"罚款100,000",《法》第一百条第一款,江永县地方性法规
50510,车辆所有人使用达到报废标准的机动车接送学生的,《校车安全管理条例》第四十四条,《校车安全管理条例》第四十四条,收缴物品,####,"罚款100,000",《法》第一百条第一款,江永县地方性法规
50520,使用未取得校车标牌的车辆提供校车服务的,《校车安全管理条例》第十八条,《校车安全管理条例》第四十五条第一款,####,####,罚款20000,####,江永县地方性法规
50530,使用未取得校车驾驶资格的人员驾驶校车的,《校车安全管理条例》第二十五条,《校车安全管理条例》第四十五条第一款,####,####,罚款20000,####,江永县地方性法规
50540,伪造、变造校车标牌的,《校车安全管理条例》第十五条,《校车安全管理条例》第四十五条第三款,收缴物品,####,罚款5000,《法》第一百条第一款,江永县地方性法规
50550,未按照规定指派照管人员随校车全程照管乘车学生的,《校车安全管理条例》第三十八条第一款,《校车安全管理条例》第五十三条第一款,####,####,罚款500,####,江永县地方性法规
50561,在一个记分周期内累积记分达到十二分的,《道路交通安全违法行为记分管理办法》第十七条,《条例》第二十三条第一款、《道路交通安全违法行为记分管理办法》第十七条,####,####,警告,####,江永县地方性法规
50570,以隐瞒、欺骗手段补领摩托车、农用车驾驶证的,《机动车驾驶证申领和使用规定》第九十九条第一款第一项,《机动车驾驶证申领和使用规定》第九十九条第一款第一项,收缴物品,####,罚款200,《法》第一百条第一款,江永县地方性法规
50571,以隐瞒、欺骗手段补领摩托车、农用车以外机动车驾驶证的,《机动车驾驶证申领和使用规定》第九十九条第一款第一项,《机动车驾驶证申领和使用规定》第九十九条第一款第一项,####,####,罚款500,####,江永县地方性法规
50580,机动车驾驶人请他人代为接受处罚和记分并支付经济利益的,《道路交通安全违法行为记分管理办法》第三十条第一款,《道路交通安全违法行为记分管理办法》第三十条第一款,####,####,罚款3倍以下最高5万,####,江永县地方性法规
50600,组织机动车驾驶人请他人代为接受处罚和记分并支付经济利益的,《道路交通安全违法行为记分管理办法》第三十条第三款,《道路交通安全违法行为记分管理办法》第三十条第三款,####,####,罚款5倍以下最高10万,####,江永县地方性法规
50610,组织他人代替实际机动车驾驶人接受交通违法行为处罚和记分，牟取经济利益的,《道路交通安全违法行为记分管理办法》第三十条第三款,《道路交通安全违法行为记分管理办法》第三十条第三款,####,####,罚款5倍以下最高10万,####,江永县地方性法规
50620,机动车驾驶人参加满分教育时在签注学习记录、满分学习考试中弄虚作假的,《道路交通安全违法行为记分管理办法》第三十一条第一款,《道路交通安全违法行为记分管理办法》第三十一条第一款,####,####,罚款1000,####,江永县地方性法规
50630,机动车驾驶人在参加接受交通安全教育减免交通违法行为记分中弄虚作假的,《道路交通安全违法行为记分管理办法》第三十一条第二款,《道路交通安全违法行为记分管理办法》第三十一条第二款,####,####,罚款1000,####,江永县地方性法规
50640,代替实际机动车驾驶人参加满分教育签注学习记录、满分学习考试或者接受交通安全教育扣减交通违法行为记分的,《道路交通安全违法行为记分管理办法》第三十一条第三款,《道路交通安全违法行为记分管理办法》第三十一条第三款,####,####,罚款2000,####,江永县地方性法规
50650,组织机动车驾驶人参加满分教育时在签注学习记录、满分学习考试中弄虚作假，没有违法所得的,《道路交通安全违法行为记分管理办法》第三十一条第四款,《道路交通安全违法行为记分管理办法》第三十一条第四款,####,####,罚款3倍以下最高2万,####,江永县地方性法规
50660,组织机动车驾驶人在参加接受交通安全教育减免交通违法行为记分中弄虚作假，没有违法所得的,《道路交通安全违法行为记分管理办法》第三十一条第四款,《道路交通安全违法行为记分管理办法》第三十一条第四款,####,####,罚款3倍以下最高2万,####,江永县地方性法规
50670,组织他人代替实际机动车驾驶人参加满分教育签注学习记录、满分学习考试或者接受交通安全教育扣减交通违法行为记分，没有违法所得的,《道路交通安全违法行为记分管理办法》第三十一条第四款,《道路交通安全违法行为记分管理办法》第三十一条第四款,####,####,罚款3倍以下最高2万,####,江永县地方性法规
50690,以欺骗、贿赂等不正当手段办理补、换领机动车登记证书、号牌、行驶证和检验合格标志等业务的,《机动车登记规定》第五十一条、第五十二条、第五十四条,《机动车登记规定》第八十一条第二款,####,####,罚款2000,####,江永县地方性法规
50700,组织、参与实施以欺骗、贿赂等不正当手段取得机动车登记并谋取经济利益的,《条例》第一百零三条,《条例》第一百零三条、《机动车登记规定》第八十一条第三款,####,####,罚款3倍以上5倍以下最高10万,####,江永县地方性法规
50710,组织、参与实施以欺骗、贿赂等不正当手段办理补、换领机动车登记证书、号牌、行驶证和检验合格标志等业务并谋取经济利益的,《机动车登记规定》第五十一条、第五十二条、第五十四条,《机动车登记规定》第八十一条第三款,####,####,罚款3倍以上5倍以下最高10万,####,江永县地方性法规
50720,申请人隐瞒有关情况或者提供虚假材料申领机动车驾驶证的,《机动车驾驶证申领和使用规定》第九十三条第一款,《机动车驾驶证申领和使用规定》第九十三条第一款,####,####,罚款500,####,江永县地方性法规
50730,申请人在考试过程中有贿赂、舞弊行为的,《机动车驾驶证申领和使用规定》第九十三条第二款,《机动车驾驶证申领和使用规定》第九十三条第二款,####,####,罚款2000,####,江永县地方性法规
50750,组织、参与实施隐瞒有关情况或者提供虚假材料申领机动车驾驶证并牟取经济利益的,《机动车驾驶证申领和使用规定》第九十三条第四款,《机动车驾驶证申领和使用规定》第九十三条第四款,####,####,罚款3倍以上5倍以下最高10万,####,江永县地方性法规
50760,组织、参与实施在考试过程中有贿赂、舞弊行为并牟取经济利益的,《机动车驾驶证申领和使用规定》第九十三条第四款,《机动车驾驶证申领和使用规定》第九十三条第四款,####,####,罚款3倍以上5倍以下最高10万,####,江永县地方性法规
50770,组织、参与实施以欺骗、贿赂等不正当手段取得机动车驾驶证并牟取经济利益的,《机动车驾驶证申领和使用规定》第九十三条第四款,《机动车驾驶证申领和使用规定》第九十三条第四款,####,####,罚款3倍以上5倍以下最高10万,####,江永县地方性法规
50780,申请人隐瞒有关情况或者提供虚假材料申请校车驾驶资格的,《机动车驾驶证申领和使用规定》第九十三条第五款,《机动车驾驶证申领和使用规定》第九十三条第五款,####,####,罚款500,####,江永县地方性法规
50790,以欺骗、贿赂等不正当手段取得校车驾驶资格的,《机动车驾驶证申领和使用规定》第九十三条第五款,《机动车驾驶证申领和使用规定》第九十三条第五款,####,####,罚款2000,####,江永县地方性法规
50800,机动车驾驶人参加审验教育时在签注学习记录、学习过程中弄虚作假的,《机动车驾驶证申领和使用规定》第一百条第一款,《机动车驾驶证申领和使用规定》第一百条第一款,####,####,罚款1000,####,江永县地方性法规
50810,代替实际机动车驾驶人参加审验教育的,《机动车驾驶证申领和使用规定》第一百条第二款,《机动车驾驶证申领和使用规定》第一百条第二款,####,####,罚款2000,####,江永县地方性法规
50820,组织他人实施参加审验教育时在签注学习记录、学习过程中弄虚作假，有违法所得的,《机动车驾驶证申领和使用规定》第一百条第三款,《机动车驾驶证申领和使用规定》第一百条第三款,####,####,罚款3倍以下最高2万,####,江永县地方性法规
50830,组织他人实施代替实际机动车驾驶人参加审验教育，有违法所得的,《机动车驾驶证申领和使用规定》第一百条第三款,《机动车驾驶证申领和使用规定》第一百条第三款,####,####,罚款3倍以下最高2万,####,江永县地方性法规
50840,组织他人实施参加审验教育时在签注学习记录、学习过程中弄虚作假，没有违法所得的,《机动车驾驶证申领和使用规定》第一百条第三款,《机动车驾驶证申领和使用规定》第一百条第三款,####,####,罚款3倍以下最高2万,####,江永县地方性法规
50850,组织他人实施代替实际机动车驾驶人参加审验教育，没有违法所得的,《机动车驾驶证申领和使用规定》第一百条第三款,《机动车驾驶证申领和使用规定》第一百条第三款,####,####,罚款3倍以下最高2万,####,江永县地方性法规
50860,申请人隐瞒有关情况或者提供虚假材料申请机动车登记的,《机动车登记规定》第八十条第一款,《机动车登记规定》第八十条第一款,####,####,罚款500,####,江永县地方性法规
50870,申请人通过机动车虚假交易、以合法形式掩盖非法目的等手段，在机动车登记业务中牟取不正当利益的,《机动车登记规定》第八十条第一款、第二款,《机动车登记规定》第八十条第一款、第二款,####,####,罚款500,####,江永县地方性法规
50880,组织、参与实施隐瞒有关情况或者提供虚假材料申请机动车登记牟取经济利益的,《机动车登记规定》第八十一条第三款,《机动车登记规定》第八十一条第三款,####,####,罚款3倍以上5倍以下最高10万,####,江永县地方性法规
50890,组织、参与实施通过机动车虚假交易、以合法形式掩盖非法目的等手段，在机动车登记业务中牟取不正当利益的,《机动车登记规定》第八十一条第三款,《机动车登记规定》第八十一条第三款,####,####,罚款3倍以上5倍以下最高10万,####,江永县地方性法规
50900,组织机动车驾驶人参加满分教育时在签注学习记录、满分学习考试中弄虚作假，有违法所得的,《道路交通安全违法行为记分管理办法》第三十一条第四款,《道路交通安全违法行为记分管理办法》第三十一条第四款,####,####,罚款3倍以下最高2万,####,江永县地方性法规
50910,组织机动车驾驶人在参加接受交通安全教育减免交通违法行为记分中弄虚作假，有违法所得的,《道路交通安全违法行为记分管理办法》第三十一条第四款,《道路交通安全违法行为记分管理办法》第三十一条第四款,####,####,罚款3倍以下最高2万,####,江永县地方性法规
50920,组织他人代替实际机动车驾驶人参加满分教育签注学习记录、满分学习考试或者接受交通安全教育扣减交通违法行为记分，有违法所得的,《道路交通安全违法行为记分管理办法》第三十一条第四款,《道路交通安全违法行为记分管理办法》第三十一条第四款,####,####,罚款3倍以下最高2万,####,江永县地方性法规
50930,处理交通事故时，因收集证据的需要扣留事故车辆的,《法》第七十二条第二款、《道路交通事故处理程序规定》第三十九条第一款,《法》第七十二条第二款、《道路交通事故处理程序规定》第三十九条第一款,####,####,####,####,江永县地方性法规
78011,因收集证据需要扣留事故车辆,《道路交通安全法》第七十二条,《法》七十二条、《交通违法处理规定》第二十七条第二款,####,####,####,####,江永县地方性法规
57011,使用伪造、变造的摩托车、拖拉机机动车号牌的,《法》第十六条第三项,《法》第九十六条第一款,收缴物品,记12分,罚款3000，处5日拘留,《法》第一百条第一款,江永县地方性法规
57012,使用伪造、变造的机动车号牌的,《法》第十六条第三项,《法》第九十六条第一款,收缴物品,记12分,罚款4000，处10日拘留,《法》第一百条第一款,江永县地方性法规
57013,使用伪造、变造的营运车辆机动车号牌的,《法》第十六条第三项,《法》第九十六条第一款,收缴物品,记12分,罚款5000，处15日拘留,《法》第一百条第一款,江永县地方性法规
57021,使用伪造、变造的摩托车、拖拉机的机动车行驶证的,《法》第十六条第三项,《法》第九十六条第一款,收缴物品,记12分,罚款3000，处5日拘留,《法》第一百条第一款,江永县地方性法规
57022,使用伪造、变造的机动车行驶证的,《法》第十六条第三项,《法》第九十六条第一款,收缴物品,记12分,罚款4000，处10日拘留,《法》第一百条第一款,江永县地方性法规
57023,使用伪造、变造的营运车辆的机动车行驶证的,《法》第十六条第三项,《法》第九十六条第一款,收缴物品,记12分,罚款5000，处15日拘留,《法》第一百条第一款,江永县地方性法规
57031,使用伪造、变造的摩托车、拖拉机的机动车驾驶证驾驶的,《法》第九十六条第一款,《法》第九十六条第一款,收缴物品,记12分,罚款3000，处5日拘留,《法》第一百条第一款,江永县地方性法规
57032,使用伪造、变造的机动车驾驶证的,《法》第九十六条第一款,《法》第九十六条第一款,收缴物品,记12分,罚款4000，处10日拘留,《法》第一百条第一款,江永县地方性法规
57033,使用伪造、变造的营运车辆的机动车驾驶证驾驶的,《法》第九十六条第一款,《法》第九十六条第一款,收缴物品,记12分,罚款5000，处15日拘留,《法》第一百条第一款,江永县地方性法规
57041,使用其他摩托车、拖拉机的机动车号牌的,《法》第十六条第四项,《法》第九十六条第三款,收缴物品,记12分,罚款3000,《法》第一百条第一款,江永县地方性法规
57042,使用其他车辆的机动车号牌的,《法》第十六条第四项,《法》第九十六条第三款,收缴物品,记12分,罚款4000,《法》第一百条第一款,江永县地方性法规
57043,使用其他运营车辆的机动车号牌的,《法》第十六条第四项,《法》第九十六条第三款,收缴物品,记12分,罚款5000,《法》第一百条第一款,江永县地方性法规
57051,使用其他摩托车、拖拉机的机动车行驶证的,《法》第十六条第四项,《法》第九十六条第三款,收缴物品,记12分,罚款3000,《法》第一百条第一款,江永县地方性法规
57052,使用其他车辆的机动车行驶证的,《法》第十六条第四项,《法》第九十六条第三款,收缴物品,记12分,罚款4000,《法》第一百条第一款,江永县地方性法规
57053,使用其他营运车辆的机动车行驶证的,《法》第十六条第四项,《法》第九十六条第三款,收缴物品,记12分,罚款5000,《法》第一百条第一款,江永县地方性法规
57060,使用伪造、变造的校车标牌的,《校车安全管理条例》第四十五条第三款,《校车安全管理条例》第四十五条第三款,收缴物品,记12分,罚款5000,《法》第一百条第一款,江永县地方性法规
60010,牵引故障机动车时，被牵引的机动车除驾驶人外载人的,《条例》第六十一条第一款第一项,《法》第九十条,####,####,罚款100,####,江永县地方性法规
60020,牵引故障机动车时，被牵引的机动车拖带挂车的,《条例》第六十一条第一款第一项,《法》第九十条,####,####,罚款100,####,江永县地方性法规
60030,牵引故障机动车时，被牵引的机动车宽度大于牵引的机动车的,《条例》第六十一条第一款第二项,《法》第九十条,####,####,罚款100,####,江永县地方性法规
60040,使用软连接装置牵引故障机动车时，牵引车与被牵引车之间未保持安全距离的,《条例》第六十一条第一款第三项,《法》第九十条,####,####,罚款100,####,江永县地方性法规
60050,牵引制动失效的被牵引车，未使用硬连接牵引装置的,《条例》第六十一条第一款第四项,《法》第九十条,####,####,罚款100,####,江永县地方性法规
60060,使用汽车吊车牵引车辆的,《条例》第六十一条第二款,《法》第九十条,####,####,罚款100,####,江永县地方性法规
60070,使用轮式专用机械牵引车辆的,《条例》第六十一条第二款,《法》第九十条,####,####,罚款100,####,江永县地方性法规
60080,使用摩托车牵引车辆的,《条例》第六十一条第二款,《法》第九十条,####,####,罚款100,####,江永县地方性法规
60090,牵引摩托车的,《条例》第六十一条第二款,《法》第九十条,####,####,罚款100,####,江永县地方性法规
60100,未使用专用清障车拖曳转向或照明、信号装置失效的机动车的,《条例》第六十一条第三款,《法》第九十条,####,####,罚款100,####,江永县地方性法规
60120,摩托车后座乘坐不满十二周岁未成年人的,《条例》第五十五条第三项,《法》第九十条,####,####,罚款100,####,江永县地方性法规
60130,驾驶轻便摩托车载人的,《条例》第五十五条第三项,《法》第九十条,####,####,罚款100,####,江永县地方性法规
60140,机动车载物行驶时遗洒、飘散载运物的,《法》第四十八条第一款、《条例》第六十二条第五项,《法》第九十条,####,####,罚款100,####,江永县地方性法规
60170,驾驶载客汽车、货运机动车以外的其他机动车载人超过核定人数的,《法》第四十九条,《法》第九十条,####,####,罚款200,####,江永县地方性法规
60183,补领后继续使用原（摩托车、拖拉机）机动车驾驶证的,《机动车驾驶证申领和使用规定》第六十九条第二款,《机动车驾驶证申领和使用规定》第九十八条第一款第一项,收缴物品,####,罚款50,《法》第一百条第一款,江永县地方性法规
60184,补领后继续使用原机动车驾驶证的,《机动车驾驶证申领和使用规定》第六十九条第二款,《机动车驾驶证申领和使用规定》第九十八条第一款第一项,收缴物品,####,罚款200,《法》第一百条第一款,江永县地方性法规
60190,发生交通事故后，应当自行撤离现场而未撤离，造成交通堵塞的,《道路交通事故处理程序规定》第十九条第一款,《道路交通事故处理程序规定》第十九条第三款,####,####,罚款200,####,江永县地方性法规
60191,发生事实清楚的轻微财产损失交通事故，不按规定撤离现场,《法》第七十条第三款、《道路交通事故处理程序规定》第十九条第一款,《法》第九十条、《道路交通事故处理程序规定》第十九条第三款,####,####,罚款200,####,江永县地方性法规
60200,驾驶拼装的机动车接送学生的,《法》第十六条,《校车安全管理条例》第四十四条,扣留驾驶证,####,罚款5000，可以吊销机动车驾驶证,《法》第一百一十条第一款,江永县地方性法规
60210,驾驶达到报废标准的机动车接送学生的,《法》第十四条第三款,《校车安全管理条例》第四十四条,扣留驾驶证,####,罚款5000，可以吊销机动车驾驶证,《法》第一百一十条第一款,江永县地方性法规
60220,饮酒后或者醉酒驾驶机动车发生重大交通事故，构成犯罪的,《法》第九十一条第五款,《法》第九十一条第五款,扣留驾驶证,####,吊销机动车驾驶证,《法》第一百一十条第一款,江永县地方性法规
60230,驾驶机动车在高速公路、城市快速路以外的道路上不按规定车道行驶的,《条例》第四十四条第一款,《法》第九十条,####,####,罚款200,####,江永县地方性法规
60261,机动车驾驶人在实习期内驾驶机动车上高速公路行驶，无相应或者包含其准驾车型驾驶证三年以上的驾驶人陪同的,《机动车驾驶证申领和使用规定》第七十七条第二款,《机动车驾驶证申领和使用规定》第九十八条第一款第二项,####,####,罚款200,####,江永县地方性法规
60291,持有大型客车、重型牵引挂车、城市公交车、中型客车、大型货车驾驶证的驾驶人，未按照规定申报变更信息的,《机动车驾驶证申领和使用规定》第八十一条,《机动车驾驶证申领和使用规定》第九十八条第一款第三项,####,####,罚款200,####,江永县地方性法规
60301,机动车驾驶人身体条件发生变化不适合驾驶机动车，仍驾驶机动车的,《机动车驾驶证申领和使用规定》第六十七条,《机动车驾驶证申领和使用规定》第九十九条第一款第二项,####,####,罚款200,####,江永县地方性法规
60311,逾期不参加审验的,《校车安全管理条例》第二十六条、《机动车驾驶证申领和使用规定》第七十二条、第九十条,《机动车驾驶证申领和使用规定》第九十九条第一款第三项,####,####,罚款500,####,江永县地方性法规
60320,醉酒驾驶机动车的,《法》第二十二条第二款,《法》第九十一条第二款,扣留驾驶证,####,吊销机动车驾驶证,《法》第一百一十条第一款,江永县地方性法规
60330,醉酒驾驶营运机动车的,《法》第二十二条第二款,《法》第九十一条第四款,扣留驾驶证,####,吊销机动车驾驶证,《法》第一百一十条第一款,江永县地方性法规
60340,饮酒后驾驶营运机动车的,《法》第二十二条第二款,《法》第九十一条第三款,扣留驾驶证,####,罚款5000，处15日拘留，吊销机动车驾驶证,《法》第一百一十条第一款,江永县地方性法规
60351,因饮酒后驾驶机动车被处罚，再次饮酒后驾驶机动车，酒精浓度在二十毫克/一百毫升以上，不足四十毫克/一百毫升的,《法》第二十二条第二款,《法》第九十一条第一款,扣留驾驶证,####,罚款1500，处5日拘留，吊销机动车驾驶证,《法》第一百一十条第一款,江永县地方性法规
60352,因饮酒后驾驶机动车被处罚，再次饮酒后驾驶机动车，酒精浓度在四十毫克/一百毫升以上，不足六十毫克/一百毫升的,《法》第二十二条第二款,《法》第九十一条第一款,扣留驾驶证,####,罚款2000，处7日拘留，吊销机动车驾驶证,《法》第一百一十条第一款,江永县地方性法规
60353,因饮酒后驾驶机动车被处罚，再次饮酒后驾驶机动车，酒精浓度在六十毫克/一百毫升以上，不足八十毫克/一百毫升，或造成交通事故尚不构成犯罪的,《法》第二十二条第二款,《法》第九十一条第一款,扣留驾驶证,####,罚款2000，处10日拘留，吊销机动车驾驶证,《法》第一百一十条第一款,江永县地方性法规
60360,挂车的灯光信号、制动、连接、安全防护等装置不符合国家标准的,《条例》第五十六条第一款第一项,《法》第九十条,####,####,罚款200,####,江永县地方性法规
60370,挂车载人的,《条例》第五十六条第一款第二项,《法》第九十条,####,####,罚款200,####,江永县地方性法规
60380,货运机动车驾驶室载人超过核定人数的,《法》第四十九条,《法》第九十条,####,####,罚款200,####,江永县地方性法规
60390,因号牌被盗、丢失等原因未悬挂机动车号牌的，且当事人能够出具报警记录或者受案回执单等相关证明的,《法》第十一条第一款,《法》第九十条,####,####,警告,####,江永县地方性法规
60400,因交通事故导致车辆号牌损坏、残缺或号牌老化、褪色等非人为因素影响号牌识认的,《法》第十一条第二款,《法》第九十条,####,####,警告,####,江永县地方性法规
60410,未按规定粘帖有效临时行驶车号牌的,《法》第十一条第二款,《法》第九十条,####,####,警告,####,江永县地方性法规
60420,使用的号牌架内侧边缘距离号牌上汉字、字母或者数字边缘不足5mm且影响号牌识认的,《法》第十一条第二款,《法》第九十条,####,####,警告,####,江永县地方性法规
60430,机动车已安装号牌但未使用号牌专用固封装置的,《法》第十一条第二款,《法》第九十条,####,####,警告,####,江永县地方性法规
60440,外地驾驶人因不熟悉道路，违反载货汽车禁令标志指示通行的，经交通警察当场指出后立即终止违法行为的,《法》第三十八条,《法》第九十条,####,####,警告,####,江永县地方性法规
60450,机动车号牌不清晰、不完整的,《法》第十一条第二款,《法》第九十条,####,####,罚款200,####,江永县地方性法规
60460,驾驶机动车在限速低于60公里/小时的公路上超过规定车速50%以下的,《法》第四十二条、《条例》第四十五条、第四十六条,《法》第九十条,####,####,警告,####,江永县地方性法规
60470,驾驶中型以上载客汽车在高速公路、城市快速路以外的道路上超过规定时速未达到百分之十的,《法》第四十二条、《条例》第四十五条、第四十六条,《法》第九十条,####,####,警告,####,江永县地方性法规
60480,驾驶中型以上载货汽车在高速公路、城市快速路以外的道路上超过规定时速未达到百分之十的,《法》第四十二条、《条例》第四十五条、第四十六条,《法》第九十条,####,####,警告,####,江永县地方性法规
60490,驾驶危险物品运输车辆在高速公路、城市快速路以外的道路上超过规定时速未达到百分之十的,《法》第四十二条、《条例》第四十五条、第四十六条,《法》第九十条,####,####,警告,####,江永县地方性法规
60520,申请人在道路上学习驾驶时，未按照第四十二条规定放置、粘贴学车专用标识的,《机动车驾驶证申领和使用规定》第四十二条,《机动车驾驶证申领和使用规定》第九十五条,####,####,罚款200,####,江永县地方性法规
60530,申请人在道路上学习驾驶时，自学用车搭载随车指导人员以外的其他人员的,《机动车驾驶证申领和使用规定》第四十二条,《机动车驾驶证申领和使用规定》第九十六条,####,####,罚款500,####,江永县地方性法规
60540,申请人在道路上学习驾驶时，未取得学习驾驶证明的,《机动车驾驶证申领和使用规定》第四十一条,《法》第九十九条第一款第一项、第二款、《机动车驾驶证申领和使用规定》第九十七条第一款,####,####,罚款2000，处15日拘留,####,江永县地方性法规
60560,申请人在道路上学习驾驶时，由不符合规定的人员随车指导的,《机动车驾驶证申领和使用规定》第四十二条,《法》第九十九条第一款第一项、第二款、《机动车驾驶证申领和使用规定》第九十七条第一款,####,####,罚款2000，处15日拘留,####,江永县地方性法规
60570,将机动车交由申请人驾驶，申请人未取得学习驾驶证明的,《机动车驾驶证申领和使用规定》第四十一条,《法》第九十九条第一款第二项、第二款、《机动车驾驶证申领和使用规定》第九十七条第二款,扣留驾驶证,####,罚款2000，可以吊销机动车驾驶证,《法》第一百一十条第一款,江永县地方性法规
60590,将机动车交由申请人驾驶，没有教练员或随车指导人员的,《机动车驾驶证申领和使用规定》第四十二条,《法》第九十九条第一款第二项、第二款、《机动车驾驶证申领和使用规定》第九十七条第二款,扣留驾驶证,####,罚款2000，可以吊销机动车驾驶证,《法》第一百一十条第一款,江永县地方性法规
60600,将机动车交由申请人驾驶，由不符合规定的人员随车指导的,《机动车驾驶证申领和使用规定》第四十二条,《法》第九十九条第一款第二项、第二款、《机动车驾驶证申领和使用规定》第九十七条第二款,扣留驾驶证,####,罚款2000，可以吊销机动车驾驶证,《法》第一百一十条第一款,江永县地方性法规
60630,驾驶排放检验不合格的机动车上道路行驶的,《中华人民共和国大气污染防治法》第一百一十三条,《法》第九十条,####,####,罚款200,####,江永县地方性法规
60640,连续驾驶载货汽车、中型以上载客汽车以外的机动车超过4小时未停车休息或者停车休息时间少于20分钟的,《法》第二十二条第二款、《条例》第六十二条第七项,《法》第九十条,####,####,罚款200,####,江永县地方性法规
60650,载货汽车牵引多辆挂车的,《条例》第五十六条第一款第一项,《法》第九十条,####,####,罚款100,####,江永县地方性法规
60660,半挂牵引车牵引多辆挂车的,《条例》第五十六条第一款第一项,《法》第九十条,####,####,罚款100,####,江永县地方性法规
60670,小型载客汽车牵引旅居挂车以外的且总质量700千克以上挂车的,《条例》第五十六条第一款第二项,《法》第九十条,####,####,罚款100,####,江永县地方性法规
60680,载货汽车牵引挂车的载质量超过汽车本身的载质量的,《条例》第五十六条第一款第三项,《法》第九十条,####,####,罚款100,####,江永县地方性法规
60690,大型载客汽车牵引挂车的,《条例》第五十六条第二款,《法》第九十条,####,####,罚款100,####,江永县地方性法规
60700,中型载客汽车牵引挂车的,《条例》第五十六条第二款,《法》第九十条,####,####,罚款100,####,江永县地方性法规
60710,低速载货汽车牵引挂车的,《条例》第五十六条第二款,《法》第九十条,####,####,罚款100,####,江永县地方性法规
60720,三轮机动车汽车牵引挂车的,《条例》第五十六条第二款,《法》第九十条,####,####,罚款100,####,江永县地方性法规
60730,不按照规定为校车配备安全设备的,《校车安全管理条例》第二十一条,《校车安全管理条例》第四十六条,####,####,罚款3000,####,江永县地方性法规
60740,不按照规定对校车进行安全维护的,《校车安全管理条例》第二十二条第一款,《校车安全管理条例》第四十六条,####,####,罚款3000,####,江永县地方性法规
60750,驾驶校车运载学生，不按照规定放置校车标牌的,《校车安全管理条例》第三十条第一款,《校车安全管理条例》第四十八条第一款第一项,####,####,罚款200,####,江永县地方性法规
60760,驾驶校车运载学生，不按照规定开启校车标志灯的,《校车安全管理条例》第三十条第一款,《校车安全管理条例》第四十八条第一款第一项,####,####,罚款200,####,江永县地方性法规
60770,驾驶校车运载学生，不按照经审核确定线路行驶的,《校车安全管理条例》第三十条第二款,《校车安全管理条例》第四十八条第一款第一项,####,####,罚款200,####,江永县地方性法规
60780,校车上下学生，不按照规定在校车停靠站点停靠的,《校车安全管理条例》第三十二条第一款,《校车安全管理条例》第四十八条第一款第二项,####,####,罚款200,####,江永县地方性法规
60790,校车未运载学生上道路行驶，使用校车标牌的,《校车安全管理条例》第十七条第二款,《校车安全管理条例》第四十八条第一款第三项,####,####,罚款200,####,江永县地方性法规
60800,校车未运载学生上道路行驶，使用校车标志灯的,《校车安全管理条例》第十七条第二款,《校车安全管理条例》第四十八条第一款第三项,####,####,罚款200,####,江永县地方性法规
60810,校车未运载学生上道路行驶，使用停车指示标志的,《校车安全管理条例》第十七条第二款,《校车安全管理条例》第四十八条第一款第三项,####,####,罚款200,####,江永县地方性法规
60820,在校车载有学生时给车辆加油的,《校车安全管理条例》第四十一条第二款,《校车安全管理条例》第四十八条第一款第五项,####,####,罚款200,####,江永县地方性法规
60830,在校车发动机引擎熄灭前离开驾驶座位的,《校车安全管理条例》第四十一条第二款,《校车安全管理条例》第四十八条第一款第五项,####,####,罚款200,####,江永县地方性法规
60840,上道路行驶的机动车未放置保险标志的,《法》第十一条第一款,《法》第九十条、第九十五条,####,####,警告,####,江永县地方性法规
60850,未随车携带行驶证的,《法》第十一条第一款,《法》第九十条、第九十五条,####,####,警告,####,江永县地方性法规
60860,未随车携带驾驶证的,《法》第十九条第四款,《法》第九十条、第九十五条,####,####,警告,####,江永县地方性法规
60880,左转弯时，未靠路口中心点左侧转弯的,《条例》第五十一条第三项,《法》第九十条,####,####,罚款100,####,江永县地方性法规
60890,通过路口遇放行信号不依次通过的,《条例》第五十一条第四项,《法》第九十条,####,####,罚款100,####,江永县地方性法规
60900,通过路口遇停止信号时，停在停止线以内或路口内的,《条例》第五十一条第五项,《法》第九十条,####,####,罚款100,####,江永县地方性法规
60910,驾驶校车、公路客运汽车、旅游客运汽车以外的其他载客汽车载人超过核定人数未达到百分之二十的,《法》第四十九条,《法》第九十条,####,####,罚款200,####,江永县地方性法规
60920,驾驶校车在高速公路、城市快速路以外的道路上超过规定时速未达到百分之十的,《法》第四十二条、《条例》第四十五条、第四十六条,《法》第九十条,####,####,警告,####,江永县地方性法规
60930,驾驶校车、中型以上载客载货汽车、危险物品运输车辆以外的机动车行驶超过规定时速百分之十以上未达到百分之二十的,《法》第四十二条、《条例》第四十五条、第四十六条,《法》第九十条,####,####,警告,####,江永县地方性法规
60931,驾驶校车、中型以上载客载货汽车、危险物品运输车辆以外的机动车在高速公路、城市快速路行驶超过规定时速百分之十以上未达到百分之二十的,《法》第四十二条、《条例》第四十五条、第四十六条,《法》第九十条,####,####,罚款100,####,江永县地方性法规
60940,驾驶校车、中型以上载客载货汽车、危险物品运输车辆以外的机动车行驶超过规定时速未达到百分之十的,《法》第四十二条、《条例》第四十五条、第四十六条,《法》第九十条,####,####,警告,####,江永县地方性法规
60950,机动车通过有灯控路口时，不按所需行进方向驶入导向车道的,《条例》第五十一条第一项,《法》第九十条,####,####,罚款100,####,江永县地方性法规
60960,通过路口向右转弯遇同车道内有车等候放行信号时，不依次停车等候的,《条例》第五十一条第六项,《法》第九十条,####,####,罚款100,####,江永县地方性法规
60970,路口遇有交通阻塞时未依次等候的,《条例》第五十三条第一款,《法》第九十条,####,####,罚款200,####,江永县地方性法规
60980,驾驶拆除或者损坏消声器、加装排气管等擅自改装的机动车的,《中华人民共和国噪声污染防治法》第四十七条第一款,《法》第九十条,####,####,罚款200,####,江永县地方性法规
60990,驾驶机动车时向道路上抛撒物品的,《条例》第六十二条第五项,《法》第九十条、《办法》第五十条第十四项,####,####,罚款100,####,江永县地方性法规
70050,进出停车场，故意妨碍其他车辆、行人正常通行的,《办法》第二十七条第二项,《办法》第四十九条第五项,####,####,罚款50,####,江永县地方性法规
70060,进出道路停车泊位，故意妨碍其他车辆、行人正常通行的,《办法》第二十七条第二项,《办法》第四十九条第五项,####,####,罚款50,####,江永县地方性法规
70070,更改行驶记录仪资料的,《办法》第二十八条,《办法》第五十条第二项,####,####,罚款100,####,江永县地方性法规
70080,毁损行驶记录仪资料的,《办法》第二十八条,《办法》第五十条第二项,####,####,罚款100,####,江永县地方性法规
70090,使用干扰交通技术监控设备装置的,《办法》第二十八条,《办法》第五十条第三项,####,####,罚款100,####,江永县地方性法规
70100,违反限制通行规定的,《法》第三十九条,《办法》第五十条第七项,####,####,罚款100,####,江永县地方性法规
70120,机动车在道路上发生故障，不按照规定报警的,《法》第五十二条,《办法》第五十条第十六项,####,####,罚款100,####,江永县地方性法规
70130,通过无交通信号的铁路路口不减速或不停车确认安全的,《法》第四十六条,《办法》第五十条第二十项,####,####,罚款100,####,江永县地方性法规
70140,通过无管理人员的铁路路口不减速或不停车确认安全的,《法》第四十六条,《办法》第五十条第二十项,####,####,罚款100,####,江永县地方性法规
70170,在划设公交专用车道的道路上，公共汽车违反规定在其他车道内通行的,《法》第三十七条,《办法》第五十三条第三项,####,####,罚款200,####,江永县地方性法规
70190,公共汽车违反规定停车上下客的,《条例》第六十三条第六项,《办法》第五十四条第九项,####,####,罚款200,####,江永县地方性法规
70200,公共汽车违反规定驶入停靠站及在停靠站待客的,《办法》第三十二条条第四项,《办法》第五十四条第九项,####,####,罚款200,####,江永县地方性法规
70210,驾驶机动车发生故障后尚能移动，不移至不妨碍交通地点的,《法》第五十二条,《办法》第五十六条第四项,####,####,罚款200,####,江永县地方性法规
70220,机动车在高速公路通行，营运车辆在高速上下乘客的,《办法》第三十九条第三款,《办法》第五十八条第九项,####,####,罚款200,####,江永县地方性法规
70230,机动车在高速公路通行，发生故障后不迅速报警的,《办法》第三十八条第二款,《办法》第五十八条第十项,####,####,罚款200,####,江永县地方性法规
70240,救援车、清障车执行救援、清障任务时，未开启示警灯和危险报警闪光灯的,《办法》第四十一条第一款,《办法》第五十八条第十四项,####,####,罚款200,####,江永县地方性法规
70360,驾驶摩托车、拖拉机违反规定载人的,《法》第四十九条、《条例》第五十五条第三项,《办法》第五十一条第二项,####,####,罚款100,####,江永县地方性法规
70370,出租车违反规定在道路上停车待客的,《条例》第六十三条第五项,《办法》第五十四条第八项,####,####,罚款200,####,江永县地方性法规
70380,行经路口或进出、穿越道路不按规定行车、停车或让行的,《办法》第二十四条,《办法》第五十条第十八项,####,####,罚款100,####,江永县地方性法规
70390,在高速公路上上下乘客,《湖南省高速公路条例》第三十八条第二款,《湖南省高速公路条例》第五十三条,####,####,罚款2000,####,江永县地方性法规
70391,在高速公路上装卸货物,《湖南省高速公路条例》第三十八条第二款,《湖南省高速公路条例》第五十三条,####,####,罚款500,####,江永县地方性法规
70400,机动车遇非机动车、行人在道路上通行时，应当避让,《办法》第二十九条第四款,《法》第九十条,####,####,罚款100,####,江永县地方性法规
70410,机动车通过没有交通信号灯、交通标志、交通标线或交通警察指挥的交叉路口，未减速慢行，并让行人和优先通行的车辆先行,《法》第四十四条,《法》第九十条,####,####,罚款100,####,江永县地方性法规
70420,摩托车载人超过核定人数的,《法》第四十九条,《法》第九十条,####,####,罚款100,####,江永县地方性法规
70430,驾车时有其他违反道路通行规定的行为,《法》第三十八条,《法》第九十条,####,####,罚款200,####,江永县地方性法规
70440,驾驶电动自行车未在指定位置悬挂合法有效的号牌,《湖南省电动自行车管理办法》第十九条第二款第一项,《办法》第四十八条第二款、《湖南省电动自行车管理办法》第二十九条,扣留非机动车,####,罚款50,《法》第八十九条,江永县地方性法规
70450,夜间或者遇有雨、雪、雾、霾等低能见度情况驾驶电动自行车行驶时，未开启照明灯、减速慢行的,《湖南省电动自行车管理办法》第十九条第二款第二项,《办法》第四十八条第二款、《湖南省电动自行车管理办法》第二十九条,####,####,罚款20,####,江永县地方性法规
70460,驾驶电动自行车未按照规定佩戴安全头盔的,《湖南省电动自行车管理办法》第十九条条第二款第三项,《办法》第四十八条第二款、《湖南省电动自行车管理办法》第二十九条,扣留非机动车,####,罚款50,《法》第八十九条,江永县地方性法规
70470,乘坐电动自行车未按照规定佩戴安全头盔的,《湖南省电动自行车管理办法》第十九条条第二款第三项,《办法》第四十八条第一款,####,####,警告,####,江永县地方性法规
70480,饮酒、服用国家管制的精神药品或者麻醉药品后驾驶电动自行车的,《湖南省电动自行车管理办法》第十九条条第二款第四项,《法》第八十九条、《办法》第四十八条第二款、《湖南省电动自行车管理办法》第二十九条,####,####,罚款40,####,江永县地方性法规
70500,驾驶电动自行车驶入高速公路、城市快速路、高架道路的,《办法》第二十六条第一款、《湖南省电动自行车管理办法》第十九条第二款第五项,《办法》第四十八条第二款、《湖南省电动自行车管理办法》第二十九条,扣留非机动车,####,罚款50,《法》第八十九条,江永县地方性法规
70501,驾驶电动自行车驶入步行街或者其他禁止电动自行车通行区域的,《办法》第二十六条第一款、《湖南省电动自行车管理办法》第十九条第二款第五项,《办法》第四十八条第二款、《湖南省电动自行车管理办法》第二十九条,####,####,罚款20,####,江永县地方性法规
70510,驾驶电动自行车使用手机等电子设备分散注意力、妨碍安全驾驶的,《办法》第二十六条第一款、《湖南省电动自行车管理办法》第十九条第二款第六项,《办法》第四十八条第二款、《湖南省电动自行车管理办法》第二十九条,扣留非机动车,####,罚款50,《法》第八十九条,江永县地方性法规
70520,驾驶拼装、改装、加装电动自行车的,《湖南省电动自行车管理办法》第十九条第二款第七项,《办法》第四十八条第二款、《湖南省电动自行车管理办法》第二十九条,扣留非机动车,####,罚款50,《法》第八十九条,江永县地方性法规
70530,驾驶电动自行车搭载一名12周岁以上人员的,《办法》第三十三条第八项、《湖南省电动自行车管理办法》第十八条第二款,《办法》第四十八条第二款,####,####,罚款50,####,江永县地方性法规
70540,驾驶电动自行车搭载2名及以上乘车人员的,《办法》第三十三条第八项、《湖南省电动自行车管理办法》第十八条第二款,《办法》第四十八条第二款,####,####,罚款50,####,江永县地方性法规
70550,驾驶电动自行车搭载6周岁以下未成年人未使用安全座椅的,《办法》第三十三条第八项、《湖南省电动自行车管理办法》第十八条第二款,《办法》第四十八条第二款,####,####,罚款20,####,江永县地方性法规
70560,电动自行车有交通技术监控设备记录的违法逾期不接受处理，被发现后拒不接受罚款处罚的,《法》第八十九条、《湖南省电动自行车管理办法》第三十条第二款,《法》第八十九条、《湖南省电动自行车管理办法》第三十条第二款,扣留非机动车,####,####,《法》第八十九条,江永县地方性法规
70561,非机动车驾驶人拒绝接受罚款处罚的,《法》第八十九条,####,扣留非机动车,####,####,《法》第八十九条,江永县地方性法规
70570,驾驶时使用耳机、耳塞收听广播的,《办法》第二十八条,《办法》第五十四条第二项,####,####,罚款200,####,江永县地方性法规
70580,驾驶时查阅通讯信息的,《办法》第二十八条,《办法》第五十四条第二项,####,####,罚款200,####,江永县地方性法规
70630,夜间行驶或者在容易发生危险的路段行驶，未降低行驶速度的,《法》第四十二条第二款,《法》第九十条,####,####,罚款100,####,江永县地方性法规
70640,遇有沙尘、冰雹、雨、雪、雾、结冰等气象条件时，未降低行驶速度的,《法》第四十二条第二款,《法》第九十条,####,####,罚款100,####,江永县地方性法规
70650,未与被超车辆拉开必要安全距离驶回原车道的,《条例》第四十七条,《法》第九十条,####,####,罚款100,####,江永县地方性法规
70670,机动车在高速公路通行，未按照规定保持行车间距的,《条例》第七十条,《办法》第五十八条第三项,####,####,罚款200,####,江永县地方性法规
70680,驾驶机动车未放置临时号牌的,《法》第八条,《法》第九十五条第一款、《办法》第五十二条第八项,####,####,罚款200,####,江永县地方性法规
70690,未依法进行注册登记上道路行驶的,《法》第八条,《办法》第五十二条第九项,####,####,罚款200,####,江永县地方性法规
70700,未取得临时号牌上道路行驶的,《法》第八条,《办法》第五十二条第九项,####,####,罚款200,####,江永县地方性法规
70710,将配建、增建的停车场擅自停用或者改变用途的，由公安机关交通管理部门责令限期改正；逾期不改正的,《湖南省停车场管理办法》第七条,《湖南省停车场管理办法》第二十九条,####,####,罚款每车位每日100元罚款,####,江永县地方性法规
70720,公共停车场管理人不按规定管理公共停车场的，由公安机关交通管理部门责令限期改正；逾期不改正的,《湖南省停车场管理办法》第十三条,《湖南省停车场管理办法》第三十条,####,####,罚款1000,####,江永县地方性法规
70730,违反国有资源有偿使用规定占用政府投资建设的公共场地设置收费停车场的,《湖南省停车场管理办法》第十七条,《湖南省停车场管理办法》第三十一条,####,####,罚款1000,####,江永县地方性法规
70740,擅自设置、撤除道路临时停车泊位或者在道路临时停车泊位设置障碍的,《湖南省停车场管理办法》第二十二条,《湖南省停车场管理办法》第三十二条,####,####,罚款1000,####,江永县地方性法规
70750,教练员饮酒后进行随车实操教学的,《办法》第十条,《办法》第五十七条第三款,扣留驾驶证,####,罚款1000，暂扣驾驶证6个月,《法》第一百一十条第一款,江永县地方性法规
70751,教练员饮酒后进行随车实操教学的，情节严重的（醉酒或发生事故致人受伤等情形的）,《办法》第十条,《办法》第五十七条第三款,扣留驾驶证,####,罚款2000，可以吊销机动车驾驶证,《法》第一百一十条第一款,江永县地方性法规
70760,驾驶危险货物道路运输车辆、班线客车、包车客车、旅游客车或者校车，在二十四小时内累计超过八小时的,《办法》第十一条,《办法》第五十四条第五项,####,####,罚款200,####,江永县地方性法规
70761,驾驶危险货物道路运输车辆、班线客车、包车客车、旅游客车或者校车晚十时至次日晨六时连续超过两小时的,《办法》第十一条,《办法》第五十四条第五项,####,####,罚款200,####,江永县地方性法规
70762,除接驳运输外，长途客运车辆凌晨二时至五时载客运行的,《办法》第十一条,《办法》第五十四条第五项,####,####,罚款200,####,江永县地方性法规
70770,拖拉机、轮式专用机械车、铰接式客车、全挂拖斗车、拖挂施工机具的车辆、专项作业车、带挂车的汽车、悬挂教练汽车号牌和试验用临时行驶车号牌的机动车、设计最高时速低于六十公里的机动车在城市快速路行驶的,《办法》第二十六条,《办法》第五十四条第六项,####,####,罚款200,####,江永县地方性法规
70771,非机动车在城市快速路通行的,《办法》第二十六条,《办法》第四十八条第一项,####,####,罚款50,####,江永县地方性法规
70772,行人在城市快速路通行的,《办法》第二十六条,《办法》第四十八条二项,####,####,罚款20,####,江永县地方性法规
70780,允许未满十二周岁的未成年人乘坐副驾驶座位的,《办法》第二十八条第二款,《办法》第四十九条第三项,####,####,罚款50,####,江永县地方性法规
70790,机动车在高速公路发生事故或者故障后，未组织车内人员转移至安全地点,《办法》第三十九条,《办法》第五十六条第五项,####,####,罚款200,####,江永县地方性法规
70803,在高速公路或城市快速路以外的道路上行驶时，驾驶人未按规定使用安全带的,《法》第五十一条,《法》第九十条,####,####,警告,####,江永县地方性法规
76030,机动车占用高速公路应急通道行驶或者在非紧急情况下停车，造成高速公路堵塞，阻碍执行紧急任务的车辆通行,《湖南省高速公路条例》第四十三条第二款,《湖南省高速公路条例》第五十四条,####,记6分,罚款500,####,江永县地方性法规
78010,机动车有被盗抢嫌疑的,《交通违法处理规定》第二十七条第五项,《交通违法处理规定》第二十七条第五项,####,####,####,####,江永县地方性法规
78012,在处理交通事故时，根据需要扣留当事人的机动车驾驶证,《道路交通安全法》第一百一十条、《办法》第三十六条,《道路交通安全法》第一百一十条、《办法》第四十二条,扣留驾驶证,####,####,《法》第一百一十条第一款,江永县地方性法规