CODE,SCORE,PUNISH,OTHER_PENALTIES,ACT,BELONG
1001A,####,罚款1000元,驾照吊销,驾驶拼装的机动车上道路行驶的A:驾驶拼装的非汽车类机动车上道路行驶的。,全国性法规
10052,####,罚款200元,拘留15日以下,未取得驾驶证驾驶机动车的,全国性法规
1001B,####,罚款1500元,驾照吊销,驾驶拼装的机动车上道路行驶的。B：驾驶拼装的汽车上道路行驶的。,全国性法规
1010A,####,罚款1000元,####,驾驶人在驾驶证超过有效期仍驾驶机动车的。A驾驶人在驾驶证超过有效期仍驾驶非汽车类机动车的。,全国性法规
1002A,####,罚款1000元,驾照吊销,驾驶已达报废标准的车辆上道路行驶的。A:驾驶已达报废标准的非汽车类机动车上道路行驶的。,全国性法规
10053,####,罚款500元,拘留15日以下,未取得驾驶证驾驶机动车的,全国性法规
1010B,####,罚款1500元,####,驾驶人在驾驶证超过有效期仍驾驶机动车的。B：驾驶人在驾驶证超过有效期仍驾驶汽车的。,全国性法规
1002B,####,罚款1500元,驾照吊销,驾驶已达报废标准的车辆上道路行驶的。B:驾驶已达报废标准的汽车上道路行驶的。,全国性法规
1011,####,罚款1000元,####,非法安装警报器的。,全国性法规
1006A,####,罚款1000元,可以并处拘留15天以下,驾驶证被吊销期间驾驶机动车的。 A:驾驶证被吊销期间驾驶非汽车类机动车的。,全国性法规
1003,####,####,驾照吊销(终生),造成交通事故后逃逸，构成犯罪的。,全国性法规
1012,####,罚款1000元,####,非法安装标志灯具的。,全国性法规
1006B,####,罚款1500元,可以并处拘留15天以下,驾驶证被吊销期间驾驶机动车的。 B:驾驶证被吊销期间驾驶汽车的。,全国性法规
1004,####,####,驾照吊销,违反道路交通安全法律、法规的规定，发生重大事故，构成犯罪的。,全国性法规
1013,####,罚款200元,####,驾驶证丢失期间仍驾驶机动车的。,全国性法规
10061,####,罚款1800元,拘留15日以下,驾驶证被吊销期间驾驶机动车的,全国性法规
10043,####,####,驾照吊销,违反道路交通安全法律、法规的规定，发生重大事故，构成犯罪的,全国性法规
1014,####,罚款200元,####,驾驶证损毁期间仍驾驶机动车的。,全国性法规
10062,####,罚款500元,拘留15日以下,驾驶证被吊销期间驾驶机动车的,全国性法规
1005A,####,罚款1000元,可以并处拘留15天以下,未取得驾驶证驾驶机动车的。A:未取得驾驶证驾驶非汽车类机动车的。,全国性法规
1015,####,罚款200元,####,驾驶证被依法扣留期间仍驾驶机动车的。,全国性法规
10063,####,罚款200元,拘留15日以下,驾驶证被吊销期间驾驶机动车的,全国性法规
1005B,####,罚款1500元,可以并处拘留15天以下,未取得驾驶证驾驶机动车的。 B:未取得驾驶证驾驶汽车的。,全国性法规
1016,####,罚款200元,####,违法记分达到12分仍驾驶机动车的,全国性法规
1007,####,罚款1500元,可以并处吊销驾照,把机动车交给未取得机动车驾驶证的人驾驶的。,全国性法规
10051,####,罚款1800元,拘留15日以下,未取得驾驶证驾驶机动车的,全国性法规
10161,####,罚款200元,####,违法记分达到12分仍驾驶机动车的,全国性法规
1008,####,罚款1500元,可以并处吊销驾照,把机动车交给机动车驾驶证被吊销的人驾驶的。,全国性法规
10162,####,罚款200元,####,驾驶证被公告停止使用仍驾车的,全国性法规
1009,####,罚款1500元,可以并处吊销驾照,把机动车交给机动车驾驶证被暂扣的人驾驶的。,全国性法规
1017,####,罚款150元,####,不按规定投保机动车第三者责任险的,全国性法规
1025,####,罚款100元,####,遇前方机动车停车排队等候或者缓慢行驶时，在人行横道、网状线区域内停车等候的,全国性法规
1018,####,####,####,机动车不在机动车道内行驶的,全国性法规
10263,####,罚款100元,####,通过无管理人员的铁路道口未减速的,全国性法规
10251,####,罚款200元,####,遇前方道路受阻时，在人行横道区域内停车等候的,全国性法规
10180,####,####,####,机动车不在机动车道内行驶的,全国性法规
10264,####,罚款100元,####,通过无管理人员的铁路道口未停车确认安全的,全国性法规
10252,####,罚款200元,####,遇前方机动车停车排队等候时，在人行横道区域内停车等候的,全国性法规
1019,####,罚款150元,####,机动车违反规定使用专用车道的,全国性法规
10265,####,罚款200元,####,通过铁路道口违反交通信号指挥的,全国性法规
10253,####,罚款200元,####,遇前方机动车缓慢行驶时，在人行横道区域内停车等候的,全国性法规
10190,####,罚款100元,####,机动车违反规定使用专用车道的,全国性法规
10266,####,罚款200元,####,通过铁路道口违反管理人员指挥的,全国性法规
10254,####,罚款200元,####,遇前方道路受阻时，在网状区域停车等候的,全国性法规
1020,####,罚款200元,####,机动车驾驶人不服从交警指挥的,全国性法规
1027,####,罚款150元,####,机动车载货长度、宽度、高度超过规定的,全国性法规
10255,####,罚款200元,####,遇前方机动车停车排队等候时，在网状线区域内停车等候的,全国性法规
1021,####,罚款200元,####,遇前方机动车停车排队等候或者缓慢行驶时，从前方车辆两侧穿插行驶的,全国性法规
1028,####,罚款150元,####,机动车载物行驶时遗洒、飘散载运物的,全国性法规
10256,####,罚款200元,####,遇前方机动车缓慢行驶时，在网状线区域内停车等候的,全国性法规
1022,####,罚款200元,####,遇前方机动车停车排队等候或者缓慢行驶时，从前方车辆两侧穿插行驶的,全国性法规
1029,####,罚款150元,####,运载超限物品时不按规定的时间、路线、速度行驶的,全国性法规
1026,####,罚款50元,####,行经铁路道口，不按规定通行的,全国性法规
1023,####,罚款100元,####,遇前方机动车停车排队等候或者缓慢行驶时，未依次交替驶入车道减少后的路口、路段的,全国性法规
1030,####,罚款150元,####,运载超限物品时未悬挂明显标志的,全国性法规
10261,####,罚款100元,####,通过无交通信号的铁路道口未减速的,全国性法规
1024,####,罚款100元,####,在没有交通信号灯、交通标志、交通标线或者交警指挥的交叉路口遇到停车排队等候或者缓慢行驶时，机动车未依次交替通行的,全国性法规
10310,####,罚款200元,####,运载危险物品未经批准的,全国性法规
10262,####,罚款100元,####,通过无交通信号的铁路道口未停车确认安全的,全国性法规
1033,####,罚款200元,####,运载危险物品时未悬挂警示标志的,全国性法规
1032,####,罚款200元,####,运载危险物品时不按规定的时间、路线、速度行驶的,全国性法规
10393,####,罚款200元,####,机动车违反规定停放、临时停车，驾驶人不在现场或者虽在现场但驾驶人拒绝立即驶离，妨碍其它车辆、行人通行的,全国性法规
1034,####,罚款200元,####,运载危险物品时未采取必要的安全措施的,全国性法规
1041,####,罚款200元,####,道路养护施工作业车辆、机械作业时未开启示警灯和危险报警闪光灯的,全国性法规
1039AA,####,罚款50元,####,机动车违反规定停放、临时停车且驾驶人不在现场或驾驶人虽在现场拒绝立即驶离，妨碍其它车辆、行人通行的 。A就是经劝导、开走了，B就是驾驶人不在现场。,全国性法规
1035,####,罚款200元,####,载客汽车载货违反规定的,全国性法规
10411,####,罚款100元,####,机械作业时未开启示警灯的,全国性法规
1039B,####,罚款50元,####,驾驶非机动车违反疏导、限制通行、禁止通行规定,全国性法规
1036,####,罚款200元,####,货运机动车违反规定载人的,全国性法规
10412,####,罚款100元,####,机械作业时未开启危险报警闪光灯的,全国性法规
1039X,####,罚款100元,####,违反规定停放、临时停车且驾驶人不在现场或驾驶人虽在现场拒绝立即驶离，妨碍其他车辆、行人通行的,全国性法规
1037,####,罚款200元,####,未将故障车辆移到不妨碍交通的地方停放的,全国性法规
1042,####,罚款200元,####,机动车不按规定车道行驶的,全国性法规
1040,####,罚款150元,####,机动车喷涂、粘贴标识或者车身广告影响安全驾驶的,全国性法规
1038,####,罚款50元,####,不避让正在作业的道路养护车、工程作业车的,全国性法规
1043,####,罚款200元,####,变更车道时影响正常行驶的机动车的,全国性法规
10400,####,罚款50元,####,机动车喷涂、粘贴标识或者车身广告影响安全驾驶的违章行为。,全国性法规
1039,####,罚款200元,####,机动车违反规定停放、临时停车且驾驶人不在现场或驾驶人虽在现场拒绝立即驶离，妨碍其它车辆、行人通行的,全国性法规
1044,####,罚款200元,####,在禁止掉头或者禁止左转弯标志、标线的地点掉头的,全国性法规
10401,####,罚款200元,####,机动车喷涂标识影响安全驾驶的,全国性法规
10390,####,罚款100元,####,机动车违反规定停放、临时停车且驾驶人不在现场或驾驶人虽在现场拒绝立即驶离，妨碍其他车辆、行人通行的,全国性法规
10441,####,罚款200元,####,在禁止掉头的地点掉头的,全国性法规
10402,####,罚款200元,####,机动车粘贴标识影响安全驾驶的,全国性法规
10391,####,罚款200元,####,机动车违反规定停车,全国性法规
10442,####,罚款200元,####,在禁止左转弯标志的地点掉头的,全国性法规
10403,####,罚款200元,####,机动车喷涂车身广告影响安全驾驶的,全国性法规
10392,####,罚款200元,####,机动车违反规定临时停车,全国性法规
1045,####,罚款200元,####,在容易发生危险的路段掉头的,全国性法规
10404,####,罚款200元,####,机动车粘贴车身广告影响安全驾驶的,全国性法规
1046,####,罚款200元,####,掉头时妨碍正常行驶的车辆和行人通行的,全国性法规
10461,####,罚款200元,####,掉头时妨碍正常行驶的车辆通行的,全国性法规
1053,####,罚款50元,####,机动车行经渡口，不服从渡口管理人员指挥，不依次待渡的,全国性法规
10462,####,罚款200元,####,掉头时妨碍正常行驶的行人通行的,全国性法规
1063,####,罚款200元,####,拖拉机违反规定载人的,全国性法规
1054,####,罚款50元,####,上下渡船时，不低速慢行的,全国性法规
1047,####,罚款50元,####,机动车未按规定鸣喇叭示意的,全国性法规
1064,####,罚款150元,####,拖拉机牵引多辆挂车的,全国性法规
1055,####,罚款200元,####,特种车辆违反规定使用警报器的,全国性法规
1048,####,罚款150元,####,在禁止鸣喇叭的区域或者路段鸣喇叭的,全国性法规
1065,####,罚款100元,####,学习驾驶人不按指定路线上道路学习驾驶的,全国性法规
1056,####,罚款200元,####,特种车辆违反规定使用标志灯具的,全国性法规
10481,####,罚款100元,####,在禁止鸣喇叭的区域鸣喇叭的,全国性法规
1066,####,罚款100元,####,学习驾驶人不按指定时间上道路学习驾驶的,全国性法规
1057,####,罚款100元,####,机动车在单位院内居民居住区内不低速行驶的,全国性法规
10482,####,罚款100元,####,在禁止鸣喇叭的路段鸣喇叭的,全国性法规
1067,####,罚款100元,####,学习驾驶人使用非教练车上道路驾驶的,全国性法规
1058,####,罚款100元,####,机动车在单位院内居民居住区内不避让行人的,全国性法规
1049,####,罚款50元,####,在机动车驾驶室的前后窗范围内悬挂、放置妨碍驾驶人视线的物品的,全国性法规
1068,####,罚款100元,####,学习驾驶人在教练不随车指导下上道路驾驶车辆的,全国性法规
1059,####,罚款150元,####,驾驶摩托车手离车把的,全国性法规
1050,####,罚款50元,####,机动车行经漫水路或漫水桥时未低速通过的,全国性法规
1069,####,罚款100元,####,使用教练车时有与教学无关的人员乘坐的,全国性法规
1060,####,罚款150元,####,驾驶摩托车在车把上悬挂物品的,全国性法规
1051,####,罚款100元,####,机动车载运超限物品行经铁路道口时不按指定的道口通过的,全国性法规
1070,####,罚款50元,####,实习期内未粘贴或悬挂实习标志的,全国性法规
1061,####,罚款150元,####,拖拉机驶入大中城市中心城区内道路的,全国性法规
1052,####,罚款100元,####,机动车载运超限物品行经铁路道口时不按指定的时间通过的,全国性法规
1071,####,罚款100元,####,上道路行驶的机动车未放置检验合格标志的,全国性法规
1062,####,罚款150元,####,拖拉机驶入其它禁止通行道路的,全国性法规
1073,####,罚款200元,####,驾驶机件不符合技术标准的机动车的,全国性法规
1072,####,罚款200元,####,驾驶安全设施不全的机动车的,全国性法规
10832,####,罚款200元,####,挂车未按照规定安装防护装置的,全国性法规
1074,####,罚款20元,####,不按规定倒车的，,全国性法规
10881,####,罚款200元,####,以欺骗、贿赂等不正当手段办理补领机动车登记证书业务的,全国性法规
10833,####,罚款200元,####,载货汽车未按照规定粘贴车身反光标识的,全国性法规
1075,####,罚款20元,####,在车门、车厢没有关好时行车的,全国性法规
10882,####,罚款200元,####,以欺骗、贿赂等不正当手段办理换领机动车登记证书业务的,全国性法规
10834,####,罚款200元,####,挂车未按照规定粘贴车身反光标识的,全国性法规
10751,####,罚款50元,####,在车门没有关好时行车的,全国性法规
10883,####,罚款200元,####,以欺骗、贿赂等不正当手段办理补领机动车号牌业务的,全国性法规
10841,####,罚款200元,####,改变车身颜色，未按规定时限办理变更登记的,全国性法规
10752,####,罚款50元,####,在车厢没有关好时行车的,全国性法规
10884,####,罚款200元,####,以欺骗、贿赂等不正当手段办理换领机动车号牌业务的,全国性法规
10842,####,罚款200元,####,更换发动机，未按规定时限办理变更登记的,全国性法规
10771,####,罚款200元,####,驾驶机动车下陡坡时熄火滑行的,全国性法规
10885,####,罚款200元,####,以欺骗、贿赂等不正当手段办理补领机动车行驶证业务的,全国性法规
10843,####,罚款200元,####,更换车身，未按规定时限办理变更登记的,全国性法规
10772,####,罚款200元,####,驾驶机动车下陡坡时空档滑行的,全国性法规
10886,####,罚款200元,####,以欺骗、贿赂等不正当手段办理换领机动车行驶证业务,全国性法规
10844,####,罚款200元,####,更换车架，未按规定时限办理变更登记的,全国性法规
1078,####,罚款500元,可以并处拘留15日以下,"机动车违反交通管制规定强行通行,不听劝阻的",全国性法规
10887,####,罚款200元,####,以欺骗、贿赂等不正当手段办理补领机动车检查合格标志业务的,全国性法规
1087,####,罚款500元,####,擅自改变机动车技术结构,全国性法规
1083,####,罚款200元,####,载货汽车、挂车未按照规定安装侧面及后下部防护装置、粘贴车身反光标识的,全国性法规
10888,####,罚款200元,####,以欺骗、贿赂等不正当手段办理换领机动车检查合格标志业务的,全国性法规
10871,####,罚款500元,####,擅自改变机动车外形的,全国性法规
10831,####,罚款200元,####,载货汽车未按照规定安装防护装置的,全国性法规
1090,####,罚款100元,####,机动车违反警告标志指示,全国性法规
10872,####,罚款500元,####,擅自改变已登记的有关技术数据的,全国性法规
1091,####,罚款50元,####,机动车违反警告标线指示,全国性法规
10910,####,罚款100元,####,机动车违反警告标线指示的,全国性法规
1104,记1分,罚款100元,####,不按规定倒车的,全国性法规
1094,####,罚款50元,####,在同车道行驶中，不按规定与前车保持必要的安全距离的,全国性法规
1115,记1分,罚款20元,####,上道路行驶的机动车未放置检验合格标志的,全国性法规
1105,记1分,罚款100元,####,摩托车后座乘坐不满十二周岁未成年人的,全国性法规
10941,####,罚款100元,####,不按规定与前车保持必要的安全距离的,全国性法规
1201,记2分,罚款200元,####,机动车载物超过核定载质量未达30%的,全国性法规
1106,记1分,罚款100元,####,驾驶轻便摩托车载人的,全国性法规
10942,####,罚款200元,####,在高速公路中，不按规定与前车保持必要的安全距离的,全国性法规
1203,记2分,罚款50元,####,机动车在没有划分机动车道、非机动车道和人行道的道路上，不在道路中间通行的,全国性法规
1107,记1分,罚款50元,####,在车门、车厢没有关好时行车的,全国性法规
10943,####,罚款200元,####,在快速路上，不按规定与前车保持必要的安全距离的,全国性法规
1108,记1分,罚款20元,####,上道路行驶的机动车未放置保险标志的,全国性法规
1101,####,罚款200元,####,驾驶人未按规定使用安全带的,全国性法规
1109,记1分,罚款100元,####,未随车携带行驶证的,全国性法规
1102,记1分,罚款200元,####,不按规定使用灯光的,全国性法规
1110,记1分,罚款100元,####,未随车携带驾驶证的,全国性法规
11021,记1分,罚款100元,####,不按规定使用灯光的,全国性法规
11111,记1分,罚款100元,####,机动车载货长度超过规定的,全国性法规
11022,记1分,罚款100元,####,违反危险报警闪光灯使用规定使用灯光的,全国性法规
11112,记1分,罚款100元,####,机动车载货宽度超过规定的,全国性法规
1103,记1分,罚款100元,####,不按规定会车的,全国性法规
11113,记1分,罚款100元,####,机动车载货高度超过规定的,全国性法规
1209,记2分,罚款100元,####,左转弯时，未靠路口中心点左侧转弯的,全国性法规
1219,记2分,罚款100元,####,使用轮式专用机械牵引车辆的,全国性法规
1210,记2分,罚款100元,####,通过路口遇放行信号不依次通过的,全国性法规
1220,记2分,罚款100元,####,使用摩托车牵引车辆的,全国性法规
1211,记2分,罚款100元,####,通过路口遇停止信号时，停在停止线以内或路口内的,全国性法规
1221,记2分,罚款100元,####,牵引摩托车的,全国性法规
1212,记2分,罚款100元,####,通过路口向右转弯遇同车道内有车等候放行信号时，不依次停车等候的,全国性法规
1222,记2分,罚款100元,####,未使用专用清障车拖曳转向或照明、信号装置失效的机动车的,全国性法规
1213,记2分,罚款100元,####,牵引故障机动车时，被牵引的机动车除驾驶人外载人的,全国性法规
1223,记2分,罚款100元,####,驾驶时拨打接听手持电话的,全国性法规
1214,记2分,罚款100元,####,牵引故障机动车时，被牵引的机动车拖带挂车的,全国性法规
1224,记2分,罚款100元,####,驾驶时观看电视的,全国性法规
1215,记2分,罚款100元,####,牵引故障机动车时，被牵引的机动车宽度大于牵引的机动车的,全国性法规
1225,记2分,罚款100元,####,驾车时有其他妨碍安全行车的行为的,全国性法规
1216,记2分,罚款100元,####,使用软连接装置牵引故障机动车时，牵引车与被牵引车之间未保持安全距离的,全国性法规
12250,记2分,罚款50元,####,驾车时有其他妨碍安全行车的行为的,全国性法规
1217,记2分,罚款100元,####,牵引制动失效的被牵引车，未使用硬连接牵引装置的,全国性法规
1226,记2分,罚款200元,####,连续驾驶机动车超过4小时未停车休息或停车休息时间少于20分钟的,全国性法规
1218,记2分,罚款100元,####,使用汽车吊车牵引车辆的,全国性法规
1227,记2分,罚款200元,####,在同车道行驶中，不按规定与前车保持必要的安全距离的,全国性法规
1228,记2分,罚款200元,####,路口遇有交通阻塞时未依次等候的,全国性法规
1235,记2分,罚款200元,####,实习期内驾驶执行任务的特种车辆的,全国性法规
12281,记2分,罚款200元,####,遇前方道路受阻时，进入路口的,全国性法规
1236,记2分,罚款200元,####,实习期内驾驶载有危险物品的机动车的,全国性法规
12282,记2分,罚款200元,####,遇前方车辆排队等候时，进入路口的,全国性法规
1237,记2分,罚款200元,####,实习期内驾驶的机动车牵引挂车的,全国性法规
12283,记2分,罚款200元,####,遇前方车辆缓慢行驶时进入路口的,全国性法规
1238,记2分,罚款200元,####,机动车载人超过核定人数的,全国性法规
1229,记2分,罚款200元,####,机动车违反禁令标志指示的,全国性法规
1243,记2分,罚款200元,####,遇前方机动车停车排队或者缓慢行驶时，借道超车或者占用对面车道、穿插等候车辆的,全国性法规
1230,记2分,罚款200元,####,机动车违反禁止标线指示的,全国性法规
12431,记2分,罚款200元,####,遇前方车辆排队等候时借道超车的,全国性法规
1231,记2分,罚款50元,####,机动车违反警告标志指示的,全国性法规
12432,记2分,罚款200元,####,遇前方车辆缓慢行驶时借道超车的,全国性法规
1232,记2分,罚款50元,####,机动车违反警告标线指示的,全国性法规
12433,记2分,罚款200元,####,遇前方车辆排队等候时占用对面车道的,全国性法规
1233,记2分,罚款200元,####,实习期内驾驶公共汽车的,全国性法规
12434,记2分,罚款200元,####,遇前方车辆缓慢行驶时占用对面车道的,全国性法规
1234,记2分,罚款200元,####,实习期内驾驶营运客车的,全国性法规
12435,记2分,罚款200元,####,遇前方车辆排队等候时穿插等候车辆的,全国性法规
12436,记2分,罚款200元,####,遇前方车辆缓慢行驶时穿插等候车辆的,全国性法规
1304,记3分,罚款200元,####,从前车右侧超车的,全国性法规
1244,记2分,罚款100元,####,在城市快速路上行驶时，驾驶人未按规定使用安全带的,全国性法规
1305,记3分,罚款200元,####,前车左转弯时超车的,全国性法规
1301,记3分,罚款200元,####,机动车逆向行驶的,全国性法规
1306,记3分,罚款200元,####,前车掉头时超车的,全国性法规
13010,记3分,罚款200元,####,机动车逆向行驶的,全国性法规
1307,记3分,罚款200元,####,前车超车时超车的,全国性法规
1301X,记3分,罚款200元,####,机动车逆向行驶的,全国性法规
1308,记3分,罚款200元,####,与对面来车有会车可能时超车的,全国性法规
1302,记3分,罚款200元,####,机动车不按交通信号灯规定通行的,全国性法规
1309,记3分,罚款200元,####,超越执行紧急任务的警车、消防车、救护车、工程救险车的,全国性法规
1303,记3分,罚款150元,####,机动车行驶超过规定时速50%以下的,全国性法规
13091,记3分,罚款200元,####,超越执行紧急任务的警车的,全国性法规
13031,记3分,罚款50元,####,机动车行驶超过规定时速50%以下的,全国性法规
13092,记3分,罚款200元,####,超越执行紧急任务的消防车的,全国性法规
13032,记3分,罚款20元,####,机动车行驶超过规定时速30%以上50%以下的,全国性法规
13093,记3分,罚款200元,####,超越执行紧急任务的救护车的,全国性法规
1303B,记3分,罚款50元,####,"在限速为50公里以下的道路,时速超过限定时速10%以上不到20%的",全国性法规
13094,记3分,罚款200元,####,超越执行紧急任务的工程救险车的,全国性法规
1204,记2分,罚款200元,####,行经人行横道，未减速行驶的,全国性法规
1310,记3分,罚款200元,####,在铁路道口、路口、窄桥、弯道、陡坡、隧道、人行横道、交通流量大的路段等地点超车的,全国性法规
1205,记2分,罚款200元,####,遇行人正在通过人行横道时未停车让行的,全国性法规
13111,记3分,罚款200元,####,车辆在道路上发生故障不按规定使用警示灯光的,全国性法规
13101,记3分,罚款200元,####,在铁路道口超车的,全国性法规
1206,记2分,罚款200元,####,行经没有交通信号的道路时，遇行人横过道路未避让的,全国性法规
13112,记3分,罚款200元,####,车辆在道路上发生事故不按规定使用警示灯光的,全国性法规
13102,记3分,罚款200元,####,在路口超车的,全国性法规
1207,记2分,罚款200元,####,驾驶摩托车时驾驶人未按规定戴安全头盔的,全国性法规
13113,记3分,罚款200元,####,车辆在道路上发生故障不按规定设置警告标志的,全国性法规
13103,记3分,罚款200元,####,在窄桥超车的,全国性法规
1208,记2分,罚款100元,####,机动车通过有灯控路口时，不按所需行进方向驶入导向车道的,全国性法规
13114,记3分,罚款200元,####,车辆在道路上发生事故不按规定设置警告标志的,全国性法规
13104,记3分,罚款200元,####,在弯道超车的,全国性法规
12080,记2分,罚款200元,####,机动车通过有灯控路口时，不按所需向驶入导向车道的,全国性法规
1312,记3分,罚款100元,####,准备进入环形路口不让已在路口内的机动车先行的,全国性法规
13105,记3分,罚款200元,####,在陡坡超车的,全国性法规
1208X,记2分,罚款100元,####,"机动车通过有灯控路口时,不按所需行进方向驶入导向车道的",全国性法规
1313,记3分,罚款100元,####,转弯的机动车未让直行的车辆、行人先行的,全国性法规
13106,记3分,罚款200元,####,在隧道超车的,全国性法规
13131,记3分,罚款100元,####,转弯的机动车未让直行的车辆先行的,全国性法规
13107,记3分,罚款200元,####,在人行横道点超车的,全国性法规
13151,记3分,罚款100元,####,机动车通过无灯控或交警指挥的路口，不按交通标志指示优先通行的一方先行的,全国性法规
13132,记3分,罚款100元,####,转弯的机动车未让行人先行的,全国性法规
13108,记3分,罚款200元,####,在交通流量大的路段超车的,全国性法规
13152,记3分,罚款100元,####,机动车通过无灯控或交警指挥的路口，不按标线指示让优先通行的一方先行的,全国性法规
1314,记3分,罚款100元,####,相对方向行驶的右转弯机动车不让左转弯车辆先行的,全国性法规
1311,记3分,罚款200元,####,车辆在道路上发生故障或事故后，妨碍交通又难以移动的，不按规定设置警告标志或未按规定使用警示灯光的,全国性法规
1316,记3分,罚款100元,####,机动车通过无灯控、交警指挥、交通标志标线控制的路口，不让右方道路的来车先行的,全国性法规
1315,记3分,罚款100元,####,机动车通过无灯控或交警指挥的路口，不按交通标志、标线指示让优先通行的一方先行的,全国性法规
1317,记3分,罚款150元,####,载货汽车牵引多辆挂车的,全国性法规
1324,记3分,罚款150元,####,中型载客汽车牵引挂车的,全国性法规
1318,记3分,罚款150元,####,半挂牵引车牵引多辆挂车的,全国性法规
1330,记3分,罚款200元,####,故意污损机动车号牌的,全国性法规
1325,记3分,罚款150元,####,低速载货汽车牵引挂车的,全国性法规
1319,记3分,罚款150元,####,挂车的灯光信号、制动、连接、安全防护等装置不符合国家标准的,全国性法规
1331,记3分,罚款100元,####,不按规定安装机动车号牌的,全国性法规
1326,记3分,罚款150元,####,三轮机动车汽车牵引挂车的,全国性法规
1320,记3分,罚款150元,####,小型载客汽车牵引旅居挂车以外的且总质量700千克以上挂车的,全国性法规
1332,记3分,罚款200元,####,上道路行驶的机动车未悬挂机动车号牌的,全国性法规
1327,记3分,罚款200元,####,机动车在发生故障或事故后，不按规定使用灯光的,全国性法规
1321,记3分,罚款150元,####,挂车载人的,全国性法规
1333,记3分,罚款200元,####,不避让执行任务的特种车辆的,全国性法规
13271,记3分,罚款200元,####,机动车在发生故障未开启示廓灯的,全国性法规
1322,记3分,罚款150元,####,载货汽车牵引挂车的载质量超过汽车本身的载质量的,全国性法规
1334,记3分,罚款150元,####,机动车不避让盲人的,全国性法规
13272,记3分,罚款200元,####,机动车在发生事故未开启示廓灯的,全国性法规
1323,记3分,罚款150元,####,大型载客汽车牵引挂车的,全国性法规
1339,记3分,罚款200元,####,运输剧毒化学品机动车超过规定时速50%以下的,全国性法规
13273,记3分,罚款200元,####,机动车在发生故障未开启后位灯的,全国性法规
13441,记3分,罚款100元,####,机动车违反禁令标志指示的,全国性法规
1340,记3分,罚款200元,####,上道路行驶的机动车未按规定定期进行安全技术检验的,全国性法规
13274,记3分,罚款200元,####,机动车在发生事故未开启后位灯的,全国性法规
13442,记3分,罚款100元,####,违反禁止停车标志指示的,全国性法规
13401,记3分,罚款200元,####,上道路行驶的机动车未按规定定期进行安全技术检验的,全国性法规
1328,记3分,罚款200元,####,驾驶机动车下陡坡时熄火、空档滑行的,全国性法规
13448,记3分,罚款200元,####,违反禁令标志指示,全国性法规
1344,记3分,罚款200元,####,机动车违反禁令标志指示的,全国性法规
1329,记3分,罚款200元,####,故意遮挡机动车号牌的,全国性法规
13449,记3分,罚款100元,####,"外地机动车不熟悉路况,驶入禁行区域,经指出后及时改进的违法行为",全国性法规
13440,记3分,罚款100元,####,机动车违反禁令标志指示的,全国性法规
1344A,记3分,罚款200元,####,机动车违反禁令标志指示的,全国性法规
1345B,记3分,罚款20元,####,机动车在高速公路、城市快速路或者其他封闭的机动车专用道上违反禁止标线指示的,全国性法规
1345,记3分,罚款200元,####,机动车违反禁止标线指示的,全国性法规
13522,记3分,罚款150元,####,驾驶中型以上载客汽车、危险物品运输车辆以外的其他机动车行驶超过规定时速未达20%的,全国性法规
1348,记3分,罚款200元,警告,驾驶营运客车（不包括公共汽车）、校车以外的载客汽车载人超过核定人数未达20%的,全国性法规
13450,记3分,罚款100元,####,机动车违反禁止标线指示的,全国性法规
13523,记3分,罚款100元,####,驾驶中型以上载客载货汽车、危险物品运输车辆以外的其他机动车行驶超过规定时速未达20%的,全国性法规
1349,记3分,罚款20元,警告,驾驶中型以上载客汽车在高速公路、城市快速路以外的道路上行驶超过规定时速未达20%的,全国性法规
13451,记3分,罚款100元,####,机动车违反禁止标线指示的,全国性法规
13527,记3分,罚款200元,####,"驾驶中型以上载客载货汽车、危险物品运输车辆以外的其他机动车,超过规定时速10%以上未达20%的",全国性法规
1350,记3分,罚款20元,警告,驾驶中型以上载货汽车在高速公路、城市快速路以外的道路上行驶超过规定时速未达20%的,全国性法规
13452,记3分,罚款150元,####,机动车驾驶人违反禁止标线指示,全国性法规
1352A,记3分,罚款50元,####,驾驶中型以上载客载货汽车、危险物品运输车辆以外的其他机动车行驶超过规定时速10%以上不到20%的违法行为,全国性法规
13500,记3分,罚款50元,####,驾驶中型以上载货汽车在高速公路、城市快速路以外的道路上行驶超过规定时速未达20%的,全国性法规
1345A,记3分,罚款20元,####,机动车违反禁止标线指示的,全国性法规
1352B,记3分,罚款100元,####,在高速公路上驾驶中型以上载客载货汽车、危险物品运输车辆以外的其他机动车行驶超过规定时速未达20%的,全国性法规
13501,记3分,####,####,驾驶中型以上载货汽车在高速公路、城市快速路以外的道路上行驶超过规定时速10%未达20%的,全国性法规
1352C,记3分,罚款200元,####,驾驶中型以上载客汽车、危险物品运输车辆以外的其他机动车行驶超过规定时速未达20%的,全国性法规
1356,记3分,罚款20元,警告,行经人行横道，未减速行驶的,全国性法规
1351,记3分,罚款20元,警告,驾驶危险物品运输车辆在高速公路、城市快速路以外的道路上行驶超过规定时速未达20%的,全国性法规
1352D,记3分,罚款50元,####,驾驶中型以上载客载货汽车、危险物品运输车辆以外的其他机动车行驶超过规定时速未达20%的,全国性法规
1357,记3分,罚款20元,警告,遇行人正在通过人行横道时未停车让行的,全国性法规
1352,记3分,罚款20元,警告,驾驶中型以上载客载货汽车、危险物品运输车辆以外的其他机动车行驶超过规定时速未达20%的,全国性法规
1353,记3分,罚款200元,扣车,驾驶货车载物超过核定载质量未达30%的,全国性法规
1358,记3分,罚款20元,警告,行经没有交通信号的道路时，遇行人横过道路未避让的,全国性法规
13520,记3分,罚款50元,####,驾驶中型以上载客载货汽车、危险物品运输车辆以外的其他机动车行驶超过规定时速未达20%的,全国性法规
1354,记3分,罚款200元,####,驾驶危险物品运输车辆载物超过核定载质量未达30%的,全国性法规
136001,记3分,罚款100元,####,在没有划分中心线和机非分道的道路上不按规定行驶的,全国性法规
13521,记3分,罚款50元,####,驾驶中型以上载客汽车、危险物品运输车辆以外的其他机动车行驶超过规定时速未达20%的,全国性法规
1355,记3分,罚款50元,警告,驾驶机动车在城市快速路上不按规定车道行驶的,全国性法规
136002,记3分,罚款100元,####,违反分道行驶规定的,全国性法规
142001,记4分,罚款200元,####,超过规定时速不足50%的,全国性法规
137000,记3分,罚款200元,####,违反规定进入专用车道内行驶的,全国性法规
147100,记4分,罚款200元,####,行经人行横道遇行人通过时未停车让行的,全国性法规
143100,记4分,罚款50元,####,在同车道行驶中不按规定与前车保持安全距离的,全国性法规
138001,记3分,罚款100元,####,违反指示标志、标线或交通指挥指示的,全国性法规
147200,记4分,罚款100元,####,行经无交通信号的道路遇行人横过道路未避让的,全国性法规
143200,记4分,罚款200元,####,不按规定超车的,全国性法规
138002,记3分,罚款100元,####,违反禁令标志、警告标志、禁止禁线、警告标线指示的,全国性法规
148101,记4分,罚款100元,####,机动车载物遗洒、飘散载运物的,全国性法规
144001,记4分,罚款100元,####,机动车通过无交通信号控制路口未减速让行的,全国性法规
138003,记3分,罚款200元,####,违反交通信号灯指示的,全国性法规
148200,记4分,罚款100元,####,运载超限的不可解体物品，未按交管部门规定行驶的,全国性法规
145100,记4分,罚款200元,####,遇有前方车辆排队等候或缓慢行驶时，借道超车的,全国性法规
139001,记3分,罚款100元,####,违反限制通行规定的,全国性法规
148300,记4分,罚款200元,####,运载危险化学品未按规定行驶的,全国性法规
145101,记4分,罚款200元,####,遇有前方车辆排队等候或缓慢行驶时，占用对面车道的,全国性法规
152002,记5分,罚款100元,####,机动车发生故障，未按规定报警的,全国性法规
149001,记4分,罚款100元,####,机动车载人超过核定人数未达20%的,全国性法规
145102,记4分,罚款200元,####,遇有前方车辆排队等候或缓慢行驶时，穿插等候车辆的,全国性法规
153100,记5分,罚款200元,####,不避让执行紧急任务的警车、消防车、救护车、工程救险车的,全国性法规
149002,记4分,罚款200元,####,机动车载人超过核定人数达20%以上的,全国性法规
145200,记4分,罚款100元,####,违反交替通行规定的,全国性法规
153200,记5分,罚款200元,####,警车、消防车、救护车、工程救险车在非执行紧急任务时使用警报器、标志灯具的,全国性法规
151001,记5分,罚款50元,####,机动车驾驶人未按规定使用安全带的,全国性法规
146001,记4分,罚款200元,####,通过铁路道口，违反交通信号或者管理人员指挥的,全国性法规
155100,记5分,罚款50元,####,拖拉机在禁行道路上行驶的,全国性法规
151002,记5分,罚款50元,####,摩托车驾驶人未按规定戴安全头盔,全国性法规
146002,记4分,罚款100元,####,通过无交通信号或管理人员的铁路道口未减速或停车确认安全的,全国性法规
155200,记5分,罚款100元,####,拖拉机违反规定载人的,全国性法规
152001,记5分,罚款200元,####,机动车发生故障尚能移动，未移至不妨碍交通地点的,全国性法规
156100,记5分,罚款200元,####,在禁止停放车辆的地点停放车辆的,全国性法规
1603B,记6分,罚款2000元,可以并处吊销驾照,机动车行驶超过规定时速50%的 B:超过规定时速100%以上,全国性法规
1601A,记6分,罚款1000元,####,公路客运车辆载客超过额定乘员20%的 A:超过额定乘员20%以上不足50%的,全国性法规
16101,记6分,罚款1800元,拘留15日以下,在驾驶证暂扣期间仍驾驶机动车的,全国性法规
16032,记6分,罚款500元,####,机动车行驶超过规定时速50%的,全国性法规
1601B,记6分,罚款1500元,####,公路客运车辆载客超过额定乘员20%的 B:超过额定乘员50%以上不足100%,全国性法规
16102,记6分,罚款800元,拘留15日以下,在驾驶证暂扣期间仍驾驶机动车的,全国性法规
16035,记6分,罚款500元,####,机动车行驶超过规定时速50%不足70%的,全国性法规
1601C,记6分,罚款2000元,####,公路客运车辆载客超过额定乘员20%的 C:超过额定乘员100%以上的,全国性法规
16103,记6分,罚款500元,拘留15日以下,在驾驶证暂扣期间仍驾驶机动车的,全国性法规
1604,记6分,罚款300元,可以并处暂扣驾照2月,饮酒后驾驶机动车的,全国性法规
1603A,记6分,罚款1000元,可以并处吊销驾照,机动车行驶超过规定时速50%的 A:超过规定时速50%以上不足100%的,全国性法规
16104,记6分,罚款200元,拘留15日以下,在驾驶证暂扣期间仍驾驶机动车的,全国性法规
1605,记6分,罚款500元,可以并处暂扣驾照3月,饮酒后驾驶营运机动车的,全国性法规
1611,记6分,罚款200元,####,连续驾驶公路客运车辆超过4小时未停车休息或者停车休息时间少于20分钟的,全国性法规
1606,记6分,罚款1000元,####,公路客运车辆违反规定载货的,全国性法规
1617,记6分,罚款200元,####,运载危险物品时不按规定的时间、路线、速度行驶的,全国性法规
1612,记6分,罚款200元,####,连续驾驶危险物品运输车辆超过4小时未停车休息或者停车休息时间少于20分钟的,全国性法规
1607A,记6分,罚款500元,####,货运机动车违反规定载客的 A:违反规定载客3人以下的,全国性法规
16171,记6分,罚款200元,####,运载危险物品时不按规定的时间行驶的,全国性法规
1613,记6分,罚款200元,####,上道路行驶的机动车未悬挂机动车号牌,全国性法规
1607B,记6分,罚款1500元,####,货运机动车违反规定载客的 B:B违反规定载客3人以上的,全国性法规
16172,记6分,罚款200元,####,运载危险物品时不按规定的路线行驶的,全国性法规
1614,记6分,罚款200元,####,故意遮挡机动车号牌,全国性法规
1609,记6分,罚款2000元,####,运输剧毒化学品机动车超过规定时速50%以上的,全国性法规
16173,记6分,罚款200元,####,运载危险物品时不按规定的速度行驶的,全国性法规
1615,记6分,罚款200元,####,故意污损机动车号牌的,全国性法规
1610,记6分,罚款200元,####,在驾驶证暂扣期间仍驾驶机动车的,全国性法规
1618,记6分,罚款200元,####,运载危险物品时未悬挂警示标志的,全国性法规
1616,记6分,罚款200元,####,不按规定安装机动车号牌,全国性法规
1619,记6分,罚款200元,####,运载危险物品时未采取必要的安全措施的,全国性法规
1625,记6分,罚款200元,####,驾驶机动车违反道路交通信号灯通行,全国性法规
1621,记6分,罚款200元,####,公路客运车辆载客超过核定载客人数未达20%,全国性法规
16250,记6分,罚款200元,####,驾驶机动车违反道路交通信号灯通行的,全国性法规
1632,记6分,罚款20元,警告,驾驶中型以上载客汽车在高速公路、城市快速路以外的道路上行驶超过规定时速20%以上未达到50%的,全国性法规
1622,记6分,罚款200元,警告,驾驶机动车违反道路交通信号灯通行的,全国性法规
16251,记6分,罚款200元,####,不按交通信号灯规定通行的,全国性法规
1633,记6分,罚款20元,警告,驾驶中型以上载货汽车在高速公路、城市快速路以外的道路上行驶超过规定时速20%以上,全国性法规
1623,记6分,罚款200元,扣车,校车载人超过核定人数未达20%的,全国性法规
16252,记6分,罚款200元,####,机动车不按方向指示信号灯表示通行的,全国性法规
1634,记6分,罚款20元,警告,驾驶校车在高速公路、城市快速路以外的道路上行驶超过规定时速20%以上未达到50%的,全国性法规
1624,记6分,罚款200元,####,机动车驾驶人不按照规定避让校车的,全国性法规
1626,记6分,罚款200元,####,驾驶公路客运车辆、公共汽车以外的其他营运客车载人超过核定人数未达20％的,全国性法规
1635,记6分,罚款20元,警告,驾驶危险物品运输车辆在高速公路、城市快速路以外的道路上行驶超过规定时速20%以上未达到50%的,全国性法规
1627,记6分,罚款200元,警告,驾驶营运客车（不包括公共汽车）以外的其他载客汽车载人超过核定人数20％以上的,全国性法规
1636,记6分,罚款20元,警告,驾驶中型以上载客载货汽车、校车、危险物品运输车辆以外的其他机动车行驶超过规定时速20%以上未达到50%的,全国性法规
16367,记6分,罚款200元,####,驾驶危险物品运输车辆在高速公路、城市快速路以外的道路上行驶超过规定时速30%以上未达到50%的,全国性法规
1628,记6分,罚款20元,警告,驾驶中型以上载客汽车在城市快速路上行驶超过规定时速未达20％的,全国性法规
16360,记6分,罚款100元,####,驾驶中型以上载客载货汽车、校车、危险物品运输车辆以外的其他机动车行驶超过规定时速20%以上未达到50%的,全国性法规
1636A,记6分,罚款200元,####,机动车行驶超过规定时速（50%以上不足100%的）,全国性法规
1629,记6分,罚款20元,警告,驾驶中型以上载货汽车在城市快速路上行驶超过规定时速未达20％的,全国性法规
16361,记6分,罚款200元,####,驾驶中型以上载客载货汽车、校车、危险物品运输车辆以外的其他机动车在高速公路行驶超过规定时速20%以上50%的。,全国性法规
1637,记6分,罚款500元,扣车,驾驶货车载物超过核定载质量30%以上,全国性法规
1630,记6分,罚款20元,警告,驾驶校车在城市快速路上行驶超过规定时速未达20％的,全国性法规
16362,记6分,罚款20元,####,驾驶中型以上载客载货汽车、校车、危险物品运输车辆以外的其他机动车 行驶超过规定时速20%以上未达到50%,全国性法规
1638,记6分,罚款500元,扣车,驾驶货车违反规定载客的,全国性法规
1631,记6分,罚款20元,警告,驾驶危险物品运输车辆在城市快速路上行驶超过规定时速未达20％的,全国性法规
16364,记6分,罚款50元,####,驾驶中型以上载客载货汽车、校车、危险物品运输车辆以外的其他机动车在高速公路以外的道路上行驶超过规定时速20%以上未达到30%的,全国性法规
1639,记6分,罚款500元,扣车,危险物品运输车辆载物超过核定载质量30%以上的,全国性法规
1642,记6分,罚款20元,警告,连续驾驶中型以上载客汽车、危险物品运输车辆以外的机动车超过4小时未停车休息或者停车休息时间少于20分钟的,全国性法规
16366,记6分,罚款50元,####,驾驶危险物品运输车辆在高速公路、城市快速路以外的道路上行驶超过规定时速20%以上未达到30%的,全国性法规
1640,记6分,罚款150元,警告,驾驶机动车运载超限的不可解体的物品，未按指定的时间、路线、速度行驶的,全国性法规
16421,记6分,罚款200元,####,连续驾驶中型以上载客汽车、危险物品运输车辆以外的机动车超过4小时未停车休息的,全国性法规
16401,记6分,罚款100元,####,运载超限物品时不按规定的时间行驶的,全国性法规
1709A,记12分,罚款1000元,####,驾驶与驾驶证载明的准驾车型不相符合的车辆的 A:驾驶非汽车类,全国性法规
16422,记6分,罚款200元,####,连续驾驶中型以上载客汽车、危险物品运输车辆以外的机动车超过4小时停车休息时间少于20分钟的,全国性法规
16402,记6分,罚款100元,####,运载超限物品时不按规定的路线行驶的,全国性法规
17090,记12分,罚款200元,####,驾驶与驾驶证载明的准驾车型不相符合的车辆的,全国性法规
1701,记12分,罚款200元,####,使用他人机动车驾驶证驾驶机动车的,全国性法规
16403,记6分,罚款100元,####,运载超限物品时不按规定的速度行驶的,全国性法规
17091,记12分,罚款800元,拘留15日以下,驾驶与驾驶证载明的准驾车型不相符合的车辆的,全国性法规
1702,记12分,罚款1500元,驾照暂扣3个月、拘留15天以下,醉酒后驾驶机动车的,全国性法规
1641,记6分,罚款150元,警告,驾驶机动车运载超限的不可解体的物品，未悬挂明显标志的,全国性法规
17092,记12分,罚款1800元,拘留15日以下,驾驶与驾驶证载明的准驾车型不相符合的车辆的,全国性法规
1703,记12分,罚款2000元,驾照暂扣6个月 拘留15天以下,醉酒后驾驶营运机动车的,全国性法规
17093,记12分,罚款200元,拘留15日以下,驾驶与驾驶证载明的准驾车型不相符合的车辆的,全国性法规
1704A,记12分,罚款1000元,可以并处拘留15天以下,在驾驶证暂扣期间仍驾驶机动车的 A:在驾驶证暂扣期间仍驾驶非汽车类机动车的,全国性法规
1716,记12分,罚款500元,####,驾驶公路客运车辆、公共汽车以外的其他营运客车载人超过核定人数20％以上的,全国性法规
17094,记12分,罚款500元,拘留15日以下,驾驶与驾驶证载明的准驾车型不相符合的车辆的,全国性法规
1704B,记12分,罚款1500元,可以并处拘留15天以下,在驾驶证暂扣期间仍驾驶机动车的 B:在驾驶证暂扣期间仍驾驶汽车的,全国性法规
17161,记12分,罚款1000元,####,驾驶营运客车(不包括公共汽车)载人超过核定人数20%以上50％以下的,全国性法规
1712,记12分,罚款500元,扣证3个月,饮酒后驾驶机动车的,全国性法规
1705,记12分,罚款2000元,可以并处拘留15天以下,造成交通事故后逃逸，尚不构成犯罪,全国性法规
17162,记12分,罚款1800元,####,驾驶营运客车(不包括公共汽车)载人超过核定人数50％以上的,全国性法规
17120,记12分,罚款2000元,并处暂扣驾驶证6个月,饮酒后驾驶机动车的,全国性法规
1706,记12分,罚款2000元,可以并处拘留15天以下,违反交通管制规定强行通行，不听劝阻的,全国性法规
1717,记12分,罚款20元,警告,上道路行驶的机动车未悬挂机动车号牌的,全国性法规
17121,记12分,罚款1500元,暂扣6月,饮酒后驾驶机动车的,全国性法规
17170,记12分,罚款200元,####,上道路行驶的机动车未悬挂机动车号牌的,全国性法规
17211,记12分,罚款1000元,驾照可以吊销,驾驶中型以上载客载货汽车、危险物品运输车辆以外的机动车行驶超过规定时速50%以上的,全国性法规
17122,记12分,罚款2000元,暂扣6月,饮酒后驾驶机动车的,全国性法规
1718,记12分,罚款200元,警告,故意遮挡机动车号牌的,全国性法规
17212,记12分,罚款1800元,驾照可以吊销,驾驶中型以上载客载货汽车、危险物品运输车辆以外的机动车在高速公路上超过规定时速50%以上的,全国性法规
1719,记12分,罚款200元,警告,故意污损机动车号牌的,全国性法规
1728,记12分,罚款200元,吊销/扣照,驾驶校车在高速公路以外的道路上行驶超过规定时速50%的,全国性法规
1721A,记12分,罚款50元,吊销/扣照,驾车超过规定最高时速20公里以上的,全国性法规
1720,记12分,罚款200元,警告,不按规定安装机动车号牌的,全国性法规
1729,记12分,罚款200元,吊销/扣照,驾驶危险物品运输车辆在高速公路以外的道路上行驶超过规定时速50%的,全国性法规
1721C,记12分,罚款2000元,####,驾驶中型以上载客载货汽车、校车、危险物品运输车辆以外的机动车行驶超过规定时速100%以上的,全国性法规
1721,记12分,罚款200元,吊销/扣照,驾驶中型以上载客载货汽车、校车、危险物品运输车辆以外的机动车行驶超过规定时速50%以上的,全国性法规
1730,记12分,罚款20元,警告,连续驾驶中型以上载客汽车超过4小时未停车休息或者停车休息时间少于20分钟的,全国性法规
1722,记12分,罚款20元,警告,驾驶中型以上载客汽车在城市快速路上行驶超过规定时速20％以上未达50%的,全国性法规
17210,记12分,罚款500元,可并处吊销/扣留驾驶证,驾驶中型以上载客载货汽车、校车、危险物品运输车辆以外的机动车行驶超过规定时速50%以上不足70%的,全国性法规
1731,记12分,罚款20元,警告,连续驾驶危险物品运输车辆超过4小时未停车休息或者停车休息时间少于20分钟的,全国性法规
1723,记12分,罚款20元,警告,驾驶中型以上载货汽车在城市快速路上行驶超过规定时速20％以上未达50%的,全国性法规
1603,记6分,罚款1000元,####,机动车行驶超过规定时速50%的,全国性法规
1724,记12分,罚款20元,警告,驾驶校车在城市快速路上行驶超过规定时速20％以上未达50%的,全国性法规
10396,####,罚款200元,####,汽车在道路上违反规定停放且驾驶人不在现场，妨碍其他车辆、行人通行的,全国性法规
17213,记12分,罚款500元,可并处吊销/扣留驾驶证,驾驶中型以上载客载货汽车、校车、危险物品运输车辆以外的机动车在高速公路上行驶超过规定时速50%以上不足70%的,全国性法规
1725,记12分,罚款20元,警告,驾驶危险物品运输车辆在城市快速路上行驶超过规定时速20％以上未达50%的,全国性法规
13524,记3分,罚款20元,####,驾驶中型以上载客载货汽车、危险物品运输车辆以外的其他机动车在高速公路上行驶超过规定时速未达20%的,全国性法规
17182,记12分,罚款200元,####,故意遮挡机动车号牌的,全国性法规
1726,记12分,罚款200元,吊销/扣照,驾驶中型以上载客汽车在高速公路以外的道路上行驶超过规定时速50%的,全国性法规
13526,记3分,罚款100元,####,驾驶中型以上载客载货汽车、危险物品运输车辆以外的其他机动车行驶超过规定时速未达20%的,全国性法规
16031,记6分,罚款1000元,####,机动车行驶超过规定时速50%未达80％,全国性法规
1727,记12分,罚款200元,吊销/扣照,驾驶中型以上载货汽车在高速公路以外的道路上行驶超过规定时速50%的,全国性法规
17214,记12分,罚款2000元,并处吊销驾驶证/扣留驾驶证,驾驶中型以上载客载货汽车、校车、危险物品运输车辆以外的机动车在高速公路上行驶超过规定时速70%以上的（原代码16034）,全国性法规
13012,记3分,罚款200元,####,机动车逆向行驶,全国性法规
17216,记12分,罚款1000元,可以并处吊销/扣证,驾驶中型以上载客载货汽车、校车、危险物品运输车辆以外的机动车在高速公路以外的道路行驶超过规定时速70%不足100%的（简称：其他车高速公路外超速70%以上不足100%）,全国性法规
12082,记2分,罚款100元,####,机动车通过有灯控路口时，不按所需行进方向驶入导向车道的,全国性法规
20042,####,罚款20元,####,非机动车在机动车行驶的,全国性法规
2001,####,罚款200元,拘留15日以下,非机动车造成交通事故后逃逸，尚不构成犯罪的,全国性法规
20043,####,罚款20元,####,驾驶非机动车在机动车道上停车滞留的,全国性法规
2002,####,罚款200元,拘留15日以下,非机动车违反交通管制的规定强行通行，不听劝阻的,全国性法规
2011,####,罚款5元,拒绝罚款，可以扣车,驾驶残疾人机动轮椅车超速行驶的,全国性法规
2005,####,罚款5元,拒绝罚款，可以扣车,没有非机动车车道的道路上，非机动车不靠车行道右侧行驶的,全国性法规
2003,####,罚款20元,####,非机动车未依法登记，上道路行驶的,全国性法规
2012,####,罚款5元,拒绝罚款，可以扣车,驾驶电动自行车超速行驶的,全国性法规
2006,####,罚款5元,拒绝罚款，可以扣车,非机动车违反规定使用其它车辆专用车道的,全国性法规
2004,####,罚款5元,拒绝罚款，可以扣车,非机动车逆向行驶的,全国性法规
2013,####,罚款5元,拒绝罚款，可以扣车,非机动车不按规定载物的,全国性法规
2007,####,罚款5元,拒绝罚款，可以扣车,非机动车不按照交通信号规定通行的,全国性法规
20041,####,罚款20元,####,非机动车逆向行驶的,全国性法规
2014,####,罚款5元,拒绝罚款，可以扣车,非机动车不在规定地点停放的,全国性法规
2008,####,罚款5元,拒绝罚款，可以扣车,非机动车驾驶人不服从交警指挥的,全国性法规
2021,####,罚款5元,拒绝罚款，可以扣车,非机动车向右转弯遇同车道内有车等候放行信号不能转弯时，不依次等候的,全国性法规
2015,####,罚款5元,拒绝罚款，可以扣车,非机动车停放时妨碍其它车辆和行人通行的,全国性法规
2009,####,罚款5元,拒绝罚款，可以扣车,非机动车未在非机动车道内行驶的,全国性法规
2016,####,罚款5元,拒绝罚款，可以扣车,非机动车通过路口，转弯的非机动车不让直行的车辆、行人优先通行的,全国性法规
2022,####,罚款5元,拒绝罚款，可以扣车,行经无灯控、交警指挥或标志、标线控制的路口，无交通标志标线，不让右方道路的来车先行的,全国性法规
20091,####,罚款20元,####,驾驶非机动车在人行道上骑行的,全国性法规
2017,####,罚款5元,拒绝罚款，可以扣车,非机动车通过路口，遇有前方路口交通阻塞时，强行进入的,全国性法规
2023,####,罚款5元,拒绝罚款，可以扣车,行经无灯控或交警指挥的路口，右转弯的非机动车不让左转弯的车辆先行的,全国性法规
20092,####,罚款20元,####,驾驶非机动车在人行横道上骑行的,全国性法规
2018,####,罚款5元,拒绝罚款，可以扣车,非机动车通过路口，向左转弯时，不靠路口中心点右侧转弯的,全国性法规
2024,####,罚款5元,拒绝罚款，可以扣车,驾驶自行车、电动自行车、三轮车在路段上横过机动车道时不下车推行的,全国性法规
2010,####,罚款5元,拒绝罚款，可以扣车,醉酒驾驶、驾驭非机动车、畜力车的,全国性法规
2019,####,罚款5元,拒绝罚款，可以扣车,非机动车遇停止信号时，停在停止线以内或路口内的,全国性法规
2025,####,罚款5元,拒绝罚款，可以扣车,有人行横道时，非机动车不从人行横道横过机动车道的,全国性法规
2020,####,罚款5元,拒绝罚款，可以扣车,非机动车向右转弯遇同车道内有车等候放行信号不能转弯时，不依次等候的,全国性法规
2026,####,罚款5元,拒绝罚款，可以扣车,有行人过街设施时，非机动车不从行人过街设施横过机动车道的,全国性法规
2029,####,罚款5元,拒绝罚款，可以扣车,非机动车超车时妨碍被超越的车辆行驶的,全国性法规
2039,####,罚款5元,拒绝罚款，可以扣车,在道路上骑2人以上骑行的自行车的,全国性法规
2030,####,罚款5元,拒绝罚款，可以扣车,驾驶非机动车牵引车辆的,全国性法规
2027,####,罚款5元,拒绝罚款，可以扣车,非机动车借道行驶后不迅速驶回非机动车道的,全国性法规
2041,####,罚款5元,拒绝罚款，可以扣车,在道路上骑2人以上骑行的自行车的,全国性法规
2031,####,罚款5元,拒绝罚款，可以扣车,驾驶非机动车攀扶车辆的,全国性法规
2028,####,罚款5元,拒绝罚款，可以扣车,非机动车转弯时未减速慢行，伸手示意，突然猛拐的,全国性法规
2042,####,罚款5元,拒绝罚款，可以扣车,三轮车加载动力装置的,全国性法规
2032,####,罚款5元,拒绝罚款，可以扣车,非机动车被其它车辆牵引的,全国性法规
20281,####,罚款20元,####,驾驶非机动车突然猛拐的,全国性法规
2043,####,罚款5元,拒绝罚款，可以扣车,在道路上学习驾驶非机动车的,全国性法规
2033,####,罚款5元,拒绝罚款，可以扣车,驾驶非机动车时双手离把的,全国性法规
20282,####,罚款20元,####,驾驶非机动车在车辆之间穿行的,全国性法规
2044,####,罚款5元,拒绝罚款，可以扣车,非机动车不避让盲人的,全国性法规
2034,####,罚款5元,拒绝罚款，可以扣车,驾驶非机动车时手中持物的,全国性法规
2045,####,罚款5元,拒绝罚款，可以扣车,驾驶畜力车横过道路时，驾驭人未下车牵引牲畜的,全国性法规
2050,####,罚款5元,拒绝罚款，可以扣车,使用未经驯服的牲畜驾车的,全国性法规
2035,####,罚款5元,拒绝罚款，可以扣车,驾驶非机动车时扶身并行的,全国性法规
2046,####,罚款5元,拒绝罚款，可以扣车,畜力车并行的,全国性法规
2051,####,罚款5元,拒绝罚款，可以扣车,随车幼畜未栓系的,全国性法规
2036,####,罚款5元,拒绝罚款，可以扣车,驾驶非机动车时互相追逐的,全国性法规
2047,####,罚款5元,拒绝罚款，可以扣车,驾驶畜力车时驾驭人离开车辆的,全国性法规
2052,####,罚款5元,拒绝罚款，可以扣车,停放畜力车时未拉紧车闸的,全国性法规
2037,####,罚款5元,拒绝罚款，可以扣车,驾驶非机动车时曲折竞驶的,全国性法规
2048,####,罚款5元,拒绝罚款，可以扣车,驾驶畜力车时在容易发生危险的路段超车的,全国性法规
2053,####,罚款5元,拒绝罚款，可以扣车,停放畜力车时未栓系牲畜的,全国性法规
2038,####,罚款5元,拒绝罚款，可以扣车,在道路上骑独轮自行车的,全国性法规
2049,####,罚款5元,拒绝罚款，可以扣车,驾驶两轮畜力车不下车牵引牲畜的,全国性法规
2054,####,罚款5元,拒绝罚款，可以扣车,未满12周岁驾驶自行车、三轮车的,全国性法规
2055,####,罚款5元,拒绝罚款，可以扣车,未满16周岁驾驶、驾驭电动自行车、残疾人机动轮椅、畜力车的,全国性法规
3002,####,罚款5元,警告,行人不服从交警指挥的,全国性法规
20551,####,罚款10元,####,未满16周岁驾驶畜力车的,全国性法规
3011,####,罚款5元,警告,学龄前儿童以及不能辨认或不能控制自己行为的精神病患者、智力障碍者在道路上通行时，没有其监护人或对其负有管理职责的人带领的,全国性法规
3003,####,罚款5元,警告,行人不在人行道内行走的,全国性法规
20552,####,罚款10元,####,未满16周岁驾驭电动自行车的,全国性法规
3012,####,罚款5元,警告,盲人在道路上通行，未使用导盲手段的,全国性法规
3004,####,罚款5元,警告,行人在没有划分机动车道、非机动车道和人行道的道路上，不靠路边行走的,全国性法规
20553,####,罚款10元,####,未满16周岁驾驶残疾人机动轮椅的,全国性法规
3013,####,罚款5元,警告,行人不按规定通过铁道路口的,全国性法规
3005,####,罚款5元,警告,行人横过道路未走人行横道或过街设施的,全国性法规
3001,####,罚款5元,警告,行人违反交通信号通行的,全国性法规
3014,####,罚款5元,警告,在道路上使用滑行工具的,全国性法规
30051,####,罚款10元,####,行人横过道路未走人行横道的,全国性法规
30141,####,罚款10元,####,在道路上使用滑板的,全国性法规
30052,####,罚款10元,####,行人横过道路未走过街设施的,全国性法规
3016,####,罚款5元,警告,行人有追车、抛物击车等妨碍道路交通安全的行为的,全国性法规
30142,####,罚款10元,####,在道路上使用旱冰鞋的,全国性法规
30053,####,罚款10元,####,行人通过路口未走人行横道的,全国性法规
30161,####,罚款10元,####,行人有追车妨碍道路交通安全的行为的,全国性法规
3015,####,罚款5元,警告,行人在车行道内坐卧、停留、嬉闹的,全国性法规
30054,####,罚款10元,####,行人通过路口未走过街设施的,全国性法规
30162,####,罚款10元,####,行人抛物击车等妨碍道路交通安全的行为的,全国性法规
30151,####,罚款10元,####,行人在车行道内坐卧的,全国性法规
3008,####,罚款5元,警告,行人扒车的,全国性法规
3017,####,罚款5元,警告,行人不按规定横过机动车道的,全国性法规
30152,####,罚款10元,####,行人在车行道内停留的,全国性法规
3010,####,罚款5元,警告,行人实施其它妨碍交通安全的行为的,全国性法规
3018,####,罚款5元,警告,行人列队在道路上通行时每横列超过2人的,全国性法规
30153,####,罚款10元,####,行人在车行道内嬉闹的,全国性法规
3019,####,罚款5元,警告,机动车行驶时，乘坐人员未按规定使用安全带的,全国性法规
3023,####,罚款5元,警告,乘车人有影响驾驶人安全驾驶的行为的,全国性法规
30191,####,罚款200元,####,机动车行驶时，乘坐人员未按规定使用安全带的（在普通公路、城市道路上行驶的）,全国性法规
40011,####,罚款50元,####,行人进入高速公路的,全国性法规
3024,####,罚款5元,警告,在机动车道上拦乘机动车的,全国性法规
3020,####,罚款5元,警告,乘坐摩托车不戴安全头盔的,全国性法规
40012,####,罚款50元,####,行人进入城市快速公路的,全国性法规
3025,####,罚款5元,警告,在机动车道上从机动车左侧上下车的,全国性法规
3021,####,罚款5元,警告,乘车人携带易燃、易爆等危险物品的,全国性法规
40013,####,罚款50元,####,行人进入封闭的机动车专用道的,全国性法规
3026,####,罚款5元,警告,开关车门妨碍其它车辆和行人通行的,全国性法规
3022,####,罚款5元,警告,乘车人向车外抛洒物品的,全国性法规
4002,####,罚款200元,####,拖拉机驶入高速公路的,全国性法规
30261,####,罚款10元,####,开关车门妨碍其他车辆通行的,全国性法规
4007,####,罚款200元,####,在高速公路的路肩上行驶的,全国性法规
40031,####,罚款50元,####,非机动车驶入高速公路,全国性法规
30262,####,罚款10元,####,开关车门妨碍其他行人通行的,全国性法规
40070,####,罚款200元,####,在高速公路的路肩上行驶的,全国性法规
40032,####,罚款50元,####,非机动车驶入城市快速公路,全国性法规
3027,####,罚款5元,警告,机动车行驶中乘坐人员干扰驾驶的,全国性法规
40071,####,罚款200元,####,在城市快速路的路肩上行驶的,全国性法规
40033,####,罚款50元,####,非机动车驶入封闭的机动车专用道的,全国性法规
3028,####,罚款5元,警告,机动车行驶中乘坐人员将身体任何部分伸出车外的,全国性法规
40072,####,罚款200元,####,在快速路的路肩上行驶的,全国性法规
4004,####,罚款200元,####,在高速公路上车辆发生故障或事故后，车上人员未迅速转移到右侧路肩上或者应急车道内的,全国性法规
3029,####,罚款5元,警告,乘车人在机动车行驶中跳车的,全国性法规
4008,####,罚款100元,####,非紧急情况下在高速公路应急车道上行驶的,全国性法规
4005,####,罚款100元,####,机动车从匝道进入或驶离高速公路时不按规定使用灯光的,全国性法规
3030,####,罚款5元,警告,乘坐两轮摩托车未正向骑坐的,全国性法规
40081,####,罚款200元,####,非紧急情况在应急车道行驶的,全国性法规
4006,####,罚款100元,####,机动车从匝道进入高速公路时妨碍已在高速公路内的机动车正常行驶的,全国性法规
40082,####,罚款200元,####,非紧急情况在应急车道行驶的,全国性法规
40102,####,罚款200元,####,在快速公路上骑轧车行道分界线的,全国性法规
4009,####,罚款200元,####,机动车在高速公路上通过施工作业路段，不减速行驶的,全国性法规
40111,####,罚款200元,####,在高速公路上学习驾驶机动车的,全国性法规
4202,记2分,罚款150元,####,在高速公路加速车道上超车的,全国性法规
4010,####,罚款200元,####,在高速公路上骑、轧车行道分界线的,全国性法规
40112,####,罚款200元,####,在高速公路上试车的,全国性法规
4203,记2分,罚款150元,####,在高速公路减速车道上超车的,全国性法规
40101,记12分,罚款200元,####,在高速公路上骑轧车行道分界线的,全国性法规
40113,####,罚款200元,####,在快速路上学习驾驶机动车的,全国性法规
4204,记2分,罚款100元,####,在高速公路上行驶时，驾驶人未按规定使用安全带的,全国性法规
40141,####,罚款200元,####,在高速公路上行驶的载货汽车车厢载人的,全国性法规
4301,记3分,罚款200元,####,驾驶设计最高时速低于70公里的机动车进入高速公路的,全国性法规
4308,记3分,罚款200元,####,在高速公路上骑、轧车行道分界线的,全国性法规
40142,####,罚款200元,####,在快速路上行驶的载货汽车车厢载人的,全国性法规
4302,记3分,罚款200元,####,机动车在高速公路上发生故障或交通事故后，驾驶人不按规定使用危险报警闪光灯的,全国性法规
4309,记3分,罚款200元,####,在高速公路上行驶的载货汽车车厢载人的,全国性法规
40151,####,罚款200元,####,在高速公路上行驶的两轮摩托车载人的,全国性法规
4303,记3分,罚款200元,####,高速公路上车辆发生故障或交通事故后，不按规定设置警告标志的,全国性法规
4310,记3分,罚款150元,####,在高速公路上行驶的两轮摩托车载人的,全国性法规
40152,####,罚款200元,####,在快速路上行驶的两轮摩托车载人的,全国性法规
4304,记3分,罚款200元,####,在高速公路上违反规定拖曳故障车、肇事车的,全国性法规
4311,记3分,罚款200元,####,在匝道、加速车道或者减速车道上超车的,全国性法规
4016,####,####,警告,驾驶机动车在高速公路上行驶低于规定时速20%以下的,全国性法规
4305,记3分,罚款200元,####,在高速公路上超速不足50%的,全国性法规
43111,记3分,罚款200元,####,在高速公路上超车的在高速公路匝道上超车的,全国性法规
4201,记2分,罚款150元,####,在高速公路匝道上超车的,全国性法规
4306,记3分,罚款200元,####,在高速公路上正常情况下以低于规定最低时速行驶的,全国性法规
43112,记3分,罚款200元,####,在快速公路匝道上超车的,全国性法规
4307,记3分,罚款200元,####,低能见度气象条件下在高速公路上不按规定行驶的,全国性法规
4312,记3分,罚款20元,警告,驾驶机动车在高速公路上不按规定车道行驶的,全国性法规
43113,记3分,罚款200元,####,在高速公路上加速车道超车的,全国性法规
43122,记3分,罚款100元,####,驾驶机动车在高速公路上不按规定车道行驶的。,全国性法规
43114,记3分,罚款200元,####,在快速路上加速车道超车的,全国性法规
4607,记6分,罚款200元,####,在高速公路行车道上停车的,全国性法规
4601,记6分,罚款200元,####,在高速公路上倒车的,全国性法规
43115,记3分,罚款200元,####,在高速公路上减速车道超车的,全国性法规
46070,记6分,罚款200元,####,在高速公路行车道上停车的,全国性法规
4602,记6分,罚款200元,####,在高速公路上逆行的,全国性法规
43116,记3分,罚款200元,####,在快速路上减速车道超车的,全国性法规
46071,记6分,罚款200元,####,在城市快速路行车道上停车的,全国性法规
4603,记6分,罚款200元,####,在高速公路上穿越中央分隔带掉头的,全国性法规
4608,记6分,罚款200元,####,机动车在高速公路遇交通拥堵，占用应急车道行驶的,全国性法规
4611,记6分,罚款20元,警告,驾驶校车在高速公路上行驶超过规定时速未达20％的,全国性法规
4604,记6分,罚款200元,####,在高速公路上的车道内停车的,全国性法规
46080,记6分,罚款200元,####,机动车在高速公路遇交通拥堵，占用应急车道行驶的,全国性法规
46110,记6分,罚款50元,####,驾驶校车在高速公路上行驶超过规定时速未达20％的,全国性法规
4605,记6分,罚款200元,####,非紧急情况下在高速公路应急车道上停车的,全国性法规
46081,记6分,罚款200元,####,机动车在城市快速路遇交通拥堵，占用应急车道行驶的,全国性法规
4612,记6分,罚款20元,警告,驾驶危险物品运输车辆在高速公路上行驶超过规定时速未达20％的,全国性法规
46050,记6分,罚款200元,####,非紧急情况下在高速公路应急车道上停车的,全国性法规
4609,记6分,罚款20元,警告,驾驶中型以上载客汽车在高速公路上行驶超过规定时速未达20％的,全国性法规
46120,记6分,罚款50元,####,驾驶危险物品运输车辆在高速公路上行驶超过规定时速未达20％的,全国性法规
46051,记6分,罚款200元,####,非紧急情况下在城市快速路应急车道上停车的,全国性法规
46090,记6分,罚款50元,####,驾驶中型以上载客汽车在高速公路上行驶超过规定时速未达20％的,全国性法规
4613,记6分,罚款20元,警告,驾驶营运客车以外的机动车在高速公路行车道上停车的,全国性法规
4606,记6分,罚款200元,####,在高速公路上试车或学习驾驶机动车的,全国性法规
4610,记6分,罚款20元,警告,驾驶中型以上载货汽车在高速公路上行驶超过规定时速未达20％的,全国性法规
46130,记6分,罚款200元,####,驾驶营运客车以外的机动车在高速公路行车道上停车的,全国性法规
46100,记6分,罚款50元,####,驾驶中型以上载货汽车在高速公路上行驶超过规定时速未达20％的,全国性法规
47010,记12分,罚款200元,####,在高速公路上倒车的,全国性法规
46131,记6分,罚款200元,####,驾驶营运客车以外的机动车在城市快速路行车道上停车的,全国性法规
47061,记12分,罚款100元,####,驾驶中型以上载客汽车在高速公路上行驶超过规定时速20％以上未达30%的,全国性法规
47011,记12分,罚款200元,####,在城市快速路上倒车的,全国性法规
4614,记6分,罚款20元,警告,驾驶营运客车以外的机动车非紧急情况下在高速公路应急车道上停车的,全国性法规
47021,记12分,罚款200元,####,在高速公路上逆行的,全国性法规
4615,记6分,罚款20元,警告,低能见度气象条件下，驾驶机动车在高速公路上不按规定行驶的,全国性法规
4703,记12分,罚款200元,####,在高速公路上穿越中央分隔带掉头的,全国性法规
4701,记12分,罚款200元,####,在高速公路上倒车的,全国性法规
4704,记12分,罚款200元,警告,驾驶营运客车在高速公路行车道上停车的,全国性法规
4710,记12分,罚款200元,驾照可以吊销,驾驶中型以上载客汽车在高速公路上行驶超过规定时速50％的,全国性法规
47040,记12分,罚款200元,####,驾驶营运客车在高速公路行车道上停车的,全国性法规
47100,记12分,罚款300元,####,驾驶中型以上载客汽车在高速公路上行驶超过规定时速50%的,全国性法规
47041,记12分,罚款200元,####,驾驶营运客车在城市快速路行车道上停车的,全国性法规
47101,记12分,罚款300元,####,驾驶中型以上载客汽车在城市快速路上行驶超过规定时速50%的,全国性法规
4705,记12分,罚款200元,警告,驾驶营运客车非紧急情况下在高速公路应急车道上停车的,全国性法规
4711,记12分,罚款1800元,驾照可以吊销,驾驶中型以上载货汽车在高速公路上行驶超过规定时速50％的,全国性法规
4706,记12分,罚款20元,警告,驾驶中型以上载客汽车在高速公路上行驶超过规定时速20％以上未达50%的,全国性法规
47110,记12分,罚款300元,####,驾驶中型以上载货汽车在高速公路上行驶超过规定时速50%的,全国性法规
47060,记12分,罚款200元,####,驾驶中型以上载客汽车在高速公路上行驶超过规定时速30％以上未达50%的,全国性法规
47111,记12分,罚款300元,####,驾驶中型以上载货汽车在城市快速路上行驶超过规定时速50%的,全国性法规
47130,记12分,罚款300元,####,驾驶危险物品运输车辆在高速公路上行驶超过规定时速50%的,全国性法规
4712,记12分,罚款200元,驾照可以吊销,驾驶校车在高速公路上行驶超过规定时速50％的,全国性法规
47131,记12分,罚款300元,####,驾驶危险物品运输车辆在城市快速路上行驶超过规定时速50%的,全国性法规
47120,记12分,罚款300元,####,驾驶校车在高速公路上行驶超过规定时速50%的,全国性法规
43061,记3分,罚款200元,####,驾驶机动车在高速公路上正常情况下行驶速度低于规定最低时速20%以上的,全国性法规
47121,记12分,罚款300元,####,驾驶校车在城市快速路上行驶超过规定时速50%的,全国性法规
43052,记3分,罚款200元,####,在高速公路上超过规定时速20％以上未超过50％,全国性法规
4713,记12分,罚款1800元,驾照可以吊销,驾驶危险物品运输车辆在高速公路上行驶超过规定时速50％的,全国性法规
43053,记3分,罚款200元,####,在高速公路上超过规定时速20％以下,全国性法规
46141,记6分,罚款20元,警告,驾驶营运客车以外的机动车非紧急情况下在高速公路应急车道上停车的,全国性法规
50021,####,罚款5000元,拘留15日以下,伪造机动车号牌的,全国性法规
5001,####,罚款2000元,####,伪造、变造机动车登记证书的,全国性法规
50022,####,罚款5000元,变造机动车号牌的,变造机动车号牌的,全国性法规
50011,####,罚款5000元,拘留15日以下,伪造机动车登记证书的,全国性法规
50029,记12分,罚款2000元,扣证，可以并处吊销,驾驶危险物品运输车辆在高速公路上行驶超过规定时速50%的,全国性法规
50012,####,罚款5000元,拘留15日以下,变造机动车登记证书的,全国性法规
5003,####,罚款2000元,####,伪造、变造机动车行驶证的,全国性法规
5002,####,罚款2000元,####,伪造、变造机动车号牌的,全国性法规
50031,####,罚款5000元,拘留15日以下,伪造机动车行驶证的,全国性法规
50032,####,罚款5000元,拘留15日以下,变造机动车行驶证的,全国性法规
50051,####,罚款3000元,拘留10日以下,伪造机动车保险标志的,全国性法规
5004,####,罚款2000元,####,伪造、变造机动车检验合格标志的,全国性法规
50052,####,罚款3000元,拘留10日以下,变造机动车保险标志的,全国性法规
50041,####,罚款3000元,拘留10日以下,伪造机动车检验合格标志的,全国性法规
5006,####,罚款2000元,####,伪造、变造机动车驾驶证的,全国性法规
50042,####,罚款3000元,拘留10日以下,变造机动车检验合格标志的,全国性法规
50061,####,罚款5000元,拘留15日以下,伪造机动车驾驶证的,全国性法规
5005,####,罚款2000元,####,伪造、变造机动车保险标志的,全国性法规
50062,####,罚款5000元,拘留15日以下,变造机动车驾驶证的,全国性法规
50101,####,罚款3000元,拘留10日以下,使用伪造的机动车检验合格标志的,全国性法规
5007,####,罚款1500元,####,使用伪造、变造的机动车登记证书的,全国性法规
50102,####,罚款3000元,拘留10日以下,使用变造的机动车检验合格标志的,全国性法规
50071,####,罚款5000元,拘留15日以下,使用伪造的机动车登记证书的,全国性法规
5011,####,罚款1500元,####,使用伪造、变造的机动车保险标志的,全国性法规
50072,####,罚款5000元,拘留15日以下,使用变造的机动车登记证书的,全国性法规
50111,####,罚款3000元,拘留10日以下,使用伪造的机动车保险标志的,全国性法规
5008,####,罚款1500元,####,使用伪造、变造的机动车号牌的,全国性法规
50112,####,罚款3000元,拘留10日以下,使用变造的机动车保险标志的,全国性法规
5009,####,罚款1500元,####,使用伪造、变造的机动车行驶证的,全国性法规
5012,####,罚款1500元,####,使用伪造、变造的机动车驾驶证的,全国性法规
5013,####,罚款1500元,####,使用其他车辆的机动车登记证书的,全国性法规
5017,####,罚款1500元,####,使用其他车辆的机动车保险标志的,全国性法规
5014,####,罚款1500元,####,使用其他车辆的机动车号牌的,全国性法规
5018,####,罚款1500元,可以并处拘留15天以下,强迫驾驶人违反交通安全法律、法规和安全驾驶要求驾驶机动车，造成交通事故但尚不构成犯罪的,全国性法规
5015,####,罚款1500元,####,使用其他车辆的机动车行驶证的,全国性法规
5019,####,罚款1500元,可以并处拘留15天以下,故意损毁交通设施，造成危害后果，尚不构成犯罪的,全国性法规
5016,####,罚款1500元,####,使用其他车辆的机动车检验合格标志的,全国性法规
5020,####,罚款1500元,可以并处拘留15天以下,故意移动交通设施，造成危害后果，尚不构成犯罪的,全国性法规
5021,####,罚款1500元,可以并处拘留15天以下,故意涂改交通设施，造成危害后果，尚不构成犯罪的,全国性法规
50232,####,罚款1800元,拘留15日以下,非法扣留机动车辆，不听劝阻，造成较大财产损失的,全国性法规
5022,####,罚款2000元,可以并处拘留15天以下,非法拦载机动车，不听劝阻，造成交通严重阻塞、较大财产损失的,全国性法规
5024,####,罚款1000元,####,道路两侧及隔离带上种植物或设置广告牌、管线等，遮挡路灯、交通信号灯、交通标志，妨碍安全视距拒不排除障碍的,全国性法规
50221,####,罚款1800元,拘留15日以下,非法拦载机动车，不听劝阻，造成交通严重阻塞的,全国性法规
5025,####,罚款1000元,####,道路两侧及隔离带上种植物或设置广告牌、管线等，遮挡路灯、交通信号灯、交通标志，妨碍安全视距,全国性法规
50222,####,罚款1800元,拘留15日以下,非法拦载机动车，不听劝阻，造成较大财产损失的,全国性法规
5029,####,####,没收违法所得，处销售金额等额罚款,出售已达到报废标准的机动车的,全国性法规
4707,记12分,罚款20元,警告,驾驶中型以上载货汽车在高速公路上行驶超过规定时速20％以上未达50%的,全国性法规
5023,####,罚款2000元,可以并处拘留15天以下,非法扣留机动车辆，不听劝阻，造成交通严重阻塞、较大财产损失的,全国性法规
5030,####,罚款200元,####,其他机动车喷涂特种车特定标志图案的,全国性法规
47070,记12分,罚款200元,####,驾驶中型以上载货汽车在高速公路上行驶超过规定时速30％以上未达50%的,全国性法规
50231,####,罚款1800元,拘留15日以下,非法扣留机动车辆，不听劝阻，造成交通严重阻塞的,全国性法规
5035,####,罚款200元,####,服用国家管制的精神药品或麻醉药品仍继续驾驶的,全国性法规
47071,记12分,罚款100元,####,驾驶中型以上载货汽车在高速公路上行驶超过规定时速20％以上未达30%的,全国性法规
50351,####,罚款200元,####,服用国家管制的精神药品仍继续驾驶的,全国性法规
4708,记12分,罚款20元,警告,驾驶校车在高速公路上行驶超过规定时速20％以上未达50%的,全国性法规
5037,####,罚款200元,####,过度疲劳仍继续驾驶的,全国性法规
50352,####,罚款200元,####,服用国家管制的麻醉药品仍继续驾驶的,全国性法规
47080,记12分,罚款200元,####,驾驶校车在高速公路上行驶超过规定时速30％以上未达50%的,全国性法规
5038,####,罚款100元,####,未按规定喷涂放大的牌号的,全国性法规
50353,####,罚款200元,####,患有妨碍安全驾驶机动车的疾病仍继续驾驶的,全国性法规
47081,记12分,罚款100元,####,驾驶校车在高速公路上行驶超过规定时速20％以上未达30%的,全国性法规
50381,####,罚款200元,####,货运机动车未按规定喷涂放大的牌号的,全国性法规
5036,####,罚款100元,####,患有妨碍安全驾驶机动车的疾病仍继续驾驶的,全国性法规
4709,记12分,罚款20元,警告,驾驶危险物品运输车辆在高速公路上行驶超过规定时速20％以上未达50%的,全国性法规
50382,####,罚款200元,####,货运机动车挂车未按规定喷涂放大的牌号的,全国性法规
47090,记12分,罚款200元,####,驾驶危险物品运输车辆在高速公路上行驶超过规定时速30％以上未达50%的,全国性法规
50383,####,罚款200元,####,货运机动车喷涂放大的牌号不清楚的,全国性法规
50442,####,####,处检验费10倍罚款,机动车安全技术检验机构不按规定检验的,全国性法规
47091,记12分,罚款100元,####,驾驶危险物品运输车辆在高速公路上行驶超过规定时速20％以上未达30%的,全国性法规
50384,####,罚款200元,####,货运机动车挂车喷涂放大的牌号不清楚的,全国性法规
50461,####,罚款2000元,####,公路客运车辆载客超过额定乘员，经处罚不改的,全国性法规
5039,####,####,驾照吊销,对符合暂扣和吊销机动车驾驶证情形，机动车驾驶证被扣留后驾驶人无正当理由逾期未接受处理的,全国性法规
50462,####,罚款5000元,####,公路客运车辆载客超过额定乘员，经处罚不改的,全国性法规
5051,####,####,扣车,车辆具有被盗抢嫌疑的,全国性法规
5040,####,####,收缴牌证,以欺骗、贿赂手段取得机动车牌证的,全国性法规
50463,####,罚款2000元,####,公路客运车辆违反规定载货，经处罚不改的,全国性法规
5052,####,####,扣车扣行驶证,车辆发生交通事故，需要收集证据的,全国性法规
5041,####,####,收缴牌证,以欺骗、贿赂手段取得驾驶证的,全国性法规
50464,####,罚款5000元,####,公路客运车辆违反规定载货，经处罚不改的,全国性法规
5053,####,####,扣车,非机动车驾驶人拒绝接受罚款处罚的,全国性法规
50441,####,####,处检验费10倍罚款,机动车安全技术检验机构出具虚假检验结果的,全国性法规
50465,####,罚款2000元,####,货运机动车超过核定载质量，经处罚不改的,全国性法规
5054,####,####,收缴非法装置,加装其他与注册登记项目不符且影响车辆安全的装置的,全国性法规
50466,####,罚款5000元,####,货运机动车超过核定载质量，经处罚不改的,全国性法规
57012,记12分,罚款5000元,拘留15日以下,使用变造的机动车号牌的,全国性法规
5055,####,####,强制检验,对酒精呼吸测试的酒精含量有异议的,全国性法规
50467,####,罚款2000元,####,货运机动车违反规定载客，经处罚不改的,全国性法规
57019,记12分,罚款2000元,处十五日以下拘留，收缴，扣车,使用伪造、变造的机动车号牌,全国性法规
5056,####,####,强制检验,对呼吸测试超过醉酒临界值的,全国性法规
50468,####,罚款5000元,####,货运机动车违反规定载客，经处罚不改的,全国性法规
57021,记12分,罚款5000元,拘留15日以下,使用伪造的机动车行驶证的,全国性法规
5057,####,####,强制检验,酒后驾驶车辆发生交通事故的,全国性法规
5049,####,####,驾照吊销,1年内醉酒后驾驶机动车被处罚两次以上的,全国性法规
57022,记12分,罚款5000元,拘留15日以下,使用变造的机动车行驶证的,全国性法规
5058,####,####,强制检验,涉嫌服用国家管制的精神药品、麻醉药品后驾驶机动车,全国性法规
57031,记12分,罚款5000元,拘留15日以下,使用伪造的机动车驾驶证的,全国性法规
5603,记6分,罚款500元,####,以隐瞒、欺骗手段补领机动车驾驶证的,全国性法规
6001,####,罚款100元,####,牵引故障机动车时，被牵引的机动车除驾驶人外载人的,全国性法规
57032,记12分,罚款5000元,拘留15日以下,使用变造的机动车驾驶证的,全国性法规
57011,记12分,罚款5000元,拘留15日以下,使用伪造的机动车号牌的,全国性法规
6002,####,罚款100元,####,牵引故障机动车时，被牵引的机动车拖带挂车的,全国性法规
5704,记12分,罚款5000元,####,使用其他车辆的机动车号牌的,全国性法规
6011,####,罚款50元,####,在高速公路或城市快速路以外的道路上行驶时，驾驶人未按规定使用安全带的,全国性法规
6003,####,####,100,牵引故障机动车时，被牵引的机动车宽度大于牵引的机动车的,全国性法规
5705,记12分,罚款5000元,####,使用其他车辆的机动车行驶证的,全国性法规
60110,####,罚款100元,####,在高速公路或城市快速路以外的道路上行驶时，驾驶人未按规定使用安全带的,全国性法规
6004,####,罚款100元,####,使用软连接装置牵引故障机动车时，牵引车与被牵引车之间未保持安全距离的,全国性法规
5701,记12分,罚款2000元,####,使用伪造、变造的机动车号牌的,全国性法规
6011X,####,罚款100元,####,在高速公路或城市快速路以外的道路上行驶时，驾驶人未按规定使用安全带的,全国性法规
6005,####,罚款100元,####,牵引制动失效的被牵引车，未使用硬连接牵引装置的,全国性法规
57010,记12分,罚款2000元,####,使用伪造的机动车号牌的,全国性法规
6012,####,罚款100元,####,摩托车后座乘坐不满十二周岁未成年人的,全国性法规
6006,####,罚款100元,####,使用汽车吊车牵引车辆的,全国性法规
60221,####,####,驾照吊销(终生),饮酒后驾驶机动车发生重大交通事故，构成犯罪的,全国性法规
6013,####,罚款100元,####,驾驶轻便摩托车载人的,全国性法规
6007,####,罚款100元,####,使用轮式专用机械牵引车辆的,全国性法规
60222,####,####,驾照吊销(终生),醉酒驾驶机动车发生重大交通事故，构成犯罪的,全国性法规
60141,####,罚款100元,####,机动车载物行驶时遗洒载运物的,全国性法规
6008,####,罚款100元,####,使用摩托车牵引车辆的,全国性法规
6023,####,罚款100元,####,驾驶机动车在高速公路、城市快速路以外的道路上不按规定车道行驶的,全国性法规
60142,####,罚款100元,####,机动车载物行驶时飘散载运物的,全国性法规
6009,####,罚款100元,####,牵引摩托车的,全国性法规
60230,####,罚款50元,####,驾驶机动车在高速公路、城市快速路以外的道路上不按规定车道行驶的,全国性法规
6017,####,罚款200元,####,驾驶载客汽车以外的其他机动车载人超过核定人数的,全国性法规
6010,####,罚款100元,####,未使用专用清障车拖曳转向或照明、信号装置失效的机动车的,全国性法规
60241,####,罚款200元,####,实习期内驾驶公共汽车的,全国性法规
6018,####,罚款200元,####,补领机动车驾驶证后，继续使用原机动车驾驶证的,全国性法规
60242,####,罚款200元,####,实习期内驾驶营运客车的,全国性法规
6019,####,罚款200元,####,发生交通事故后，应当自行撤离现场而未撤离，造成交通堵塞的,全国性法规
60253,####,罚款200元,####,机动车驾驶人在实习期内驾驶牵引挂车的,全国性法规
60243,####,罚款200元,####,实习期内驾驶执行任务的特种车辆的,全国性法规
6026,####,罚款200元,####,机动车驾驶人在实习期内驾驶机动车上高速公路行驶，无相应或者更高准驾车型驾驶证三年以上的驾驶人陪同的,全国性法规
6036,####,罚款200元,####,挂车的灯光信号、制动、连接、安全防护等装置不符合国家标准的,全国性法规
60244,####,罚款200元,####,实习期内驾驶载有危险物品的机动车的,全国性法规
6027,####,罚款100元,####,驾驶机动车未按规定粘贴、悬挂实习标志的,全国性法规
6037,####,罚款200元,####,挂车载人的,全国性法规
60251,####,罚款200元,####,实习期内驾驶的机动车牵引挂车的,全国性法规
6028,####,罚款100元,####,驾驶机动车未按规定粘贴、悬挂残疾人机动车专用标志的,全国性法规
6038,####,罚款200元,####,货运机动车驾驶室载人超过核定人数的,全国性法规
60252,####,罚款200元,####,实习期间驾驶牵引机动车的,全国性法规
6029,####,罚款200元,####,持有大型客车、牵引车、城市公交车、中型客车、大型货车驾驶证的驾驶人，未按照规定申报变更信息的,全国性法规
6040,####,####,警告,因交通事故导致车辆号牌损坏、残缺或号牌老化、褪色等非人为因素影响号牌识认的,全国性法规
60460,####,####,警告,驾驶机动车在限速低于60公里/小时的公路上超过规定车速50%以下的违法行为,全国性法规
6030,####,罚款200元,####,机动车驾驶人身体条件发生变化不适合驾驶机动车，仍驾驶机动车的,全国性法规
6041,####,####,警告,未按规定粘帖有效临时行驶车号牌的,全国性法规
6048,####,####,警告,驾驶中型以上载货汽车在高速公路、城市快速路以外的道路上超过规定时速10%以下的,全国性法规
6032,####,####,驾照吊销(5年),醉酒后驾驶机动车的,全国性法规
6042,####,####,警告,使用的号牌架内侧边缘距离号牌上汉字、字母或者数字边缘不足5mm且影响号牌识认的,全国性法规
6050,####,####,警告,驾驶中型以上载客载货汽车、危险物品运输车辆以外的机动车超过规定时速10%以下的,全国性法规
6033,####,####,驾照吊销(10年),醉酒后驾驶营运机动车的,全国性法规
6043,####,####,警告,机动车已安装号牌但未使用号牌专用固封装置的,全国性法规
60500,####,####,警告,驾驶中型以上载客载货汽车、危险物品运输车辆以外的机动车超过规定时速10%以下的,全国性法规
6034,####,罚款5000元,拘留15驾照吊销(5年),饮酒后驾驶营运机动车的,全国性法规
6044,####,####,警告,外地驾驶人因不熟悉道路，违反载货汽车禁令标志指示通行的，经交通警察当场指出后立即终止违法行为的,全国性法规
7001,####,罚款200元,####,在机动车上安装影响交通技术监控设备正常使用的装置,全国性法规
6035,####,罚款2000元,拘留10日以下驾照吊销,因饮酒后驾驶机动车被处罚，再次饮酒后驾驶机动车的,全国性法规
6045,####,####,警告,号牌不清晰、不完整的,全国性法规
70011,####,罚款50元,####,未配备有效的灭火器具的,全国性法规
6046,####,罚款20元,警告,驾驶机动车在限速低于60公里/小时的公路上超过规定车速50%以下的,全国性法规
70023,####,罚款50元,####,进出道路停车泊位妨碍车辆正常通行的,全国性法规
70012,####,罚款50元,####,未配备反光的故障车警告的,全国性法规
70024,####,罚款50元,####,进出道路停车泊位妨碍行人正常通行的,全国性法规
7002,####,罚款200元,####,在机动车号牌上喷涂、粘贴影响交通技术监控信息接收材料的,全国性法规
70061,####,罚款100元,####,违反限制通行规定的,全国性法规
7003,####,罚款500元,情节严重的，处2000元以下罚款；可以并处拘留,未取得驾驶证驾驶机动车的,全国性法规
70021,####,罚款50元,####,进出停车场妨碍其他车辆正常通行的,全国性法规
70062,####,罚款100元,####,黄标车违规通行,全国性法规
7004,####,罚款500元,可以并处拘留,驾驶证被吊销的人驾驶机动车的,全国性法规
70022,####,罚款50元,####,进出停车场妨碍其他行人正常通行的,全国性法规
70063,####,罚款100元,####,未办理进京通行证件的,全国性法规
70041,####,罚款100元,####,未按照规定安装行驶记录仪的,全国性法规
70121,####,罚款200元,####,机动车号牌不清晰的,全国性法规
70064,####,罚款100元,####,未按尾号限制通行的,全国性法规
70042,####,罚款100元,####,未按照规定使用行驶记录仪的,全国性法规
70122,####,罚款200元,####,机动车号牌不完整的,全国性法规
7007,####,罚款500元,可以并处吊销,将机动车交由机动车驾驶证被吊销的人驾驶的,全国性法规
7005,####,罚款500元,可以并处吊销,将机动车交由未取得机动车驾驶证的人驾驶的,全国性法规
7013,####,罚款50元,警告,机动车违反规定使用公交专用车道的,全国性法规
7008,####,罚款500元,强制拆除、收缴,机动车非法安装警报器的,全国性法规
70059,####,罚款50元,####,机动车在停车位未按指示方向停车,全国性法规
70131,####,罚款200元,####,驾驶改变车身颜色未办理变更登记的机动车的,全国性法规
7009,####,罚款500元,强制拆除、收缴,机动车非法安装标志灯具的,全国性法规
7006,####,罚款500元,可以并处吊销,将机动车交由机动车驾驶证被吊销的人驾驶的,全国性法规
70132,####,罚款200元,####,驾驶更换发动机未办理变更登记的机动车的,全国性法规
7010,####,罚款20元,扣车,驾驶证丢失期间仍驾驶机动车的,全国性法规
70060,####,罚款100元,####,在禁停路段停车的,全国性法规
70133,####,罚款200元,####,驾驶更换车身未办理变更登记的机动车的,全国性法规
7011,####,罚款20元,扣车,驾驶证损毁期间仍驾驶机动车的,全国性法规
70134,####,罚款200元,####,驾驶更换车架未办理变更登记的机动车的,全国性法规
7012,####,罚款50元,####,机动车不在机动车道内行驶的,全国性法规
7015,####,罚款100元,警告,遇前方机动车停车排队等候或者缓慢行驶时，驾驶机动车从前方车辆两侧超越行驶的,全国性法规
7014,####,罚款100元,警告,遇前方机动车停车排队等候或者缓慢行驶时，驾驶机动车从前方车辆两侧穿插行驶的,全国性法规
7016,####,罚款100元,警告,遇前方机动车停车排队等候或者缓慢行驶时，驾驶机动车未依次交替驶入车道减少后的路口、路段的,全国性法规
70141,####,罚款200元,####,大、中型客运机动车未按规定喷涂准乘人数的,全国性法规
7020,####,罚款200元,警告,驾驶机动车运载危险物品未经批准的,全国性法规
70160,####,罚款500元,####,使用已擅自改变型号的机动车的,全国性法规
70142,####,罚款200元,####,从事营运的大、中型客运机动车未按规定喷涂经营单位名称的,全国性法规
7021,####,罚款100元,警告,货运机动车违反规定附载临时作业人员的,全国性法规
7017,####,罚款100元,警告,在没有交通信号灯、交通标志、交通标线或者交警指挥的交叉路口遇到停车排队等候或者缓慢行驶时，机动车未依次交替通行的,全国性法规
7026,####,罚款50元,警告,机动车变更车道影响其他车辆正常行驶的,全国性法规
70211,####,罚款200元,####,出租汽车违反规定在道路上停车待客的,全国性法规
7018,####,罚款50元,警告,遇前方机动车停车排队等候或者缓慢行驶时，机动车在人行横道、网状线区域停车等候的,全国性法规
7027,####,罚款100元,警告,机动车在禁止掉头或者禁止左转弯标志、标线的地点掉头的,全国性法规
70212,####,罚款200元,####,出租汽车违反规定在道路上停车揽客的,全国性法规
7019,####,罚款100元,警告,机动车行经铁道路口，不按规定通行的,全国性法规
7028,####,罚款100元,警告,机动车在容易发生危险的路段掉头的,全国性法规
7022,####,罚款100元,警告,机动车不避让正在作业的道路养护车、工程作业车的,全国性法规
70191,####,罚款200元,####,遇前方车辆排队等候时进入非机动车道行驶的,全国性法规
7029,####,罚款100元,警告,机动车在容易发生危险的路段掉头的,全国性法规
7023,####,罚款100元,警告,违反规定停放车辆或者临时停车，机动车驾驶人不在现场或驾驶人虽在现场但拒绝立即驶离，妨碍其他车辆、行人通行的,全国性法规
70192,####,罚款200元,####,遇前方车辆缓慢行驶时进入非机动车道的,全国性法规
7030,####,罚款20元,警告,机动车未按规定鸣喇叭示意的,全国性法规
7024,####,罚款20元,警告,机动车喷涂、粘贴标识或者车身广告影响安全驾驶的,全国性法规
70193,####,罚款200元,####,遇前方车辆排队等候时进入人行道行驶的,全国性法规
7031,####,罚款20元,警告,机动车在禁止鸣喇叭的区域、路段鸣喇叭的,全国性法规
7025,####,罚款50元,警告,机动车不按规定车道行驶的,全国性法规
70194,####,罚款200元,####,遇前方车辆缓慢行驶时进入人行道行驶的,全国性法规
7032,####,罚款20元,警告,在机动车驾驶室前后窗范围内悬挂、放置妨碍驾驶人视线的物品的,全国性法规
70251,####,罚款200元,####,救援车、清障车在高速公路上执行救援、清障任务时，未开启示警灯的,全国性法规
7036,####,罚款50元,警告,驾驶摩托车手离车把的,全国性法规
7033,####,罚款100元,警告,机动车行经渡口，不服从渡口管理人员指挥，不依次待渡的,全国性法规
70252,####,罚款200元,####,救援车、清障车在高速公路上执行救援、清障任务时，未开启危险报警闪光灯的,全国性法规
7037,####,罚款50元,警告,驾驶摩托车在车把上悬挂物品的,全国性法规
7034,####,罚款100元,警告,特种车辆违反规定使用警报器的,全国性法规
7038,####,罚款100元,警告,拖拉机载人的,全国性法规
7035,####,罚款100元,警告,特种车辆违反规定使用标志灯具的,全国性法规
7043,####,罚款100元,警告,学习驾驶机动车没有教练人员随车指导上道路单独驾驶的,全国性法规
70380,####,####,警告,将牲畜赶入高等级公路的,全国性法规
70431,####,罚款100元,####,驾驶全挂拖斗车牵引机动车的,全国性法规
7051,####,罚款500元,情节严重的，处2000元以下罚款；可以并处拘留,驾驶机动车违反交通管制的规定强行通行，不听劝阻的,全国性法规
7039,####,罚款50元,警告,拖拉机牵引多辆挂车的,全国性法规
70432,####,罚款100元,####,驾驶运载危险化学品的车辆牵引机动车的,全国性法规
7052,####,罚款200元,警告,除客运、危险物品运输车辆外，连续驾驶机动车超过4小时未停车休息或停车休息时间少于20分钟的,全国性法规
70391,####,罚款200元,####,实习期间驾驶牵引机动车的,全国性法规
7044,####,罚款20元,警告,使用教练车教学时，与教学无关人员乘坐教练车的,全国性法规
7053,####,罚款200元,警告,在高速公路上执行救援、清障任务的车辆未按规定安装示警灯，喷涂明显标志图案,全国性法规
70392,####,罚款200元,####,实习期间驾驶被牵引车的,全国性法规
7045,####,罚款20元,警告,在实习期内未粘贴或悬挂实习标志的,全国性法规
7054,####,罚款200元,警告,救援、清障车辆在高速公路上执行救援、清障任务时，未开启警灯和危险报警闪光灯的,全国性法规
7040,####,罚款100元,警告,不按照指定路线在道路上学习驾驶机动车的,全国性法规
7046,####,罚款20元,警告,驾驶机动车未按规定放置检验合格标志的,全国性法规
7055,####,罚款50元,拒绝罚款，可以扣车,非机动车未依法登记，上道路行驶的,全国性法规
7041,####,罚款100元,警告,不按照指定时间在道路上学习驾驶机动车的,全国性法规
7047,####,罚款200元,警告,驾驶安全设施不全的机动车的,全国性法规
7056,####,罚款50元,警告,非下肢残疾人驾驶残疾人机动轮椅车的,全国性法规
7042,####,罚款100元,警告,不使用教练车在道路上学习驾驶机动车的,全国性法规
7048,####,罚款200元,警告,驾驶机件不符合安全技术标准的机动车的,全国性法规
7057,####,罚款50元,警告,行人跨越道路隔离设施的,全国性法规
7049,####,罚款100元,警告,驾驶机动车违反规定倒车的,全国性法规
7061,####,罚款50元,责令其迅速离去、拒不离去的，可强行带离,行人进入高速公路的,全国性法规
7058,####,罚款50元,警告,行人倚坐道路隔离设施的,全国性法规
7050,####,罚款200元,####,在高速公路上行驶的车辆因前方发生事故、堵塞等情况必须停车时，没有依次停放在行车道内，占用应急车道行车的,全国性法规
7062,####,罚款200元,####,拖拉机驶入高速公路的,全国性法规
7059,####,罚款50元,警告,行人强行拦车的,全国性法规
7063,####,罚款50元,责令其迅速离去，拒不离去的，可扣车强行带离,非机动车进入高速公路的,全国性法规
7060,####,罚款50元,警告,在高速公路上乘车人向车外抛洒物品的,全国性法规
7071,####,罚款500元,情节严重的，处2000元以下罚款；收缴，扣车,伪造、变造机动车行驶证的,全国性法规
7064,####,罚款50元,责令其迅速离去，拒不离去的，可扣车强行带离,在高速公路上车辆发生故障或者事故后，乘车人不迅速转移到右侧路肩上或者应急车道内的,全国性法规
7081,####,罚款500元,情节严重的，处2000元以下罚款；收缴，扣车,使用其他车辆的机动车行驶证的,全国性法规
7072,####,罚款500元,情节严重的，处2000元以下罚款；收缴，扣车,伪造、变造机动车检验合格标志的,全国性法规
7065,####,罚款200元,警告,从匝道进入高速公路时，妨碍已在高速公路上的机动车正常行驶的,全国性法规
7082,####,罚款500元,情节严重的，处2000元以下罚款；收缴，扣车,使用其他车辆的机动车检验合格标志的,全国性法规
7073,####,罚款500元,情节严重的，处2000元以下罚款；收缴，扣车,伪造、变造机动车保险标志的,全国性法规
7066,####,罚款200元,警告,在高速公路上，机动车在路肩上行驶的,全国性法规
7083,####,罚款500元,情节严重的，处2000元以下罚款；收缴，扣车,使用其他车辆的机动车保险标志的,全国性法规
7074,####,罚款500元,情节严重的，处2000元以下罚款；收缴，扣车,伪造、变造机动车驾驶证的,全国性法规
7067,####,罚款200元,####,在高速公路上，机动车骑、轧车行道分界线的,全国性法规
7084,####,罚款500元,情节严重的，处2000元以下罚款；可以并处拘留,强迫机动车驾驶人违反道路交通安全法律、法规和机动车安全驾驶要求驾驶机动车，造成交通事故，尚不构成犯罪的,全国性法规
7075,####,罚款500元,情节严重的，处2000元以下罚款；收缴，扣车,使用伪造、变造的机动车登记证书的,全国性法规
7068,####,罚款200元,####,在高速公路上试车或者学习驾驶机动车的,全国性法规
7085,####,罚款500元,情节严重的，处2000元以下罚款；可以并处拘留,故意损毁交通设施，造成危害后果，尚不构成犯罪的,全国性法规
7076,####,罚款500元,情节严重的，处2000元以下罚款；收缴，扣车,使用伪造、变造的机动车行驶证的,全国性法规
7069,####,罚款500元,情节严重的，处2000元以下罚款；收缴，扣车,伪造、变造机动车登记证书的,全国性法规
7086,####,罚款500元,情节严重的，处2000元以下罚款；可以并处拘留,故意移动交通设施，造成危害后果，尚不构成犯罪的,全国性法规
7077,####,罚款500元,情节严重的，处2000元以下罚款；收缴，扣车,使用伪造、变造的机动车检验合格标志的,全国性法规
7070,####,罚款500元,情节严重的，处2000元以下罚款；收缴，扣车,伪造、变造机动车号牌的,全国性法规
7087,####,罚款500元,情节严重的，处2000元以下罚款；可以并处拘留,故意移动交通设施，造成危害后果，尚不构成犯罪的,全国性法规
7078,####,罚款500元,情节严重的，处2000元以下罚款；收缴，扣车,使用伪造、变造的机动车保险标志的,全国性法规
7088,####,罚款500元,情节严重的，处2000元以下罚款；可以并处拘留,非法拦截机动车辆，不听劝阻，造成交通严重阻塞或者较大财产损失的,全国性法规
7091,####,罚款200元,可以拖移车辆,服用国家管制的精神药品、麻醉药品仍继续驾驶机动车的,全国性法规
7079,####,罚款500元,情节严重的，处2000元以下罚款；收缴，扣车,使用伪造、变造的机动车驾驶证的,全国性法规
7089,####,罚款500元,情节严重的，处2000元以下罚款；可以并处拘留,非法扣留机动车辆，不听劝阻，造成交通严重阻塞或者较大财产损失的,全国性法规
7092,####,罚款200元,可以拖移车辆,患有妨碍安全驾驶机动车的疾病仍继续驾驶机动车的,全国性法规
7080,####,罚款500元,情节严重的，处2000元以下罚款；收缴，扣车,使用其他车辆的机动车登记证书的,全国性法规
7090,####,罚款200元,警告,其他机动车喷涂特种车特定标志图案的,全国性法规
7093,####,罚款200元,####,重型、中型载货汽车及其挂车的车身或者车厢后部未按照规定喷涂放大的牌号或者放大的牌号不清晰的,全国性法规
7108,记1分,罚款200元,####,机动车运载货物长度、宽度、高度超过规定的,全国性法规
7094,####,####,吊销驾照；五年内不得驾驶营运机动车,一年内因醉酒后驾驶机动车被处罚两次以上的,全国性法规
7208,记2分,罚款100元,####,驾驶机动车左转弯时，未靠路口中心点左侧转弯的,全国性法规
7109,记1分,罚款200元,####,机动车运载超限物品违反指定时间、路线、行驶速度的,全国性法规
7101,记1分,罚款50元,警告,机动车不按规定使用灯光的,全国性法规
7209,记2分,罚款50元,####,机动车通过路口遇停止信号停在停车线以内或者路口内的,全国性法规
7110,记1分,罚款200元,####,机动车运载超限物品未悬挂明显标志的,全国性法规
7102,记1分,罚款100元,警告,机动车违反规定会车的,全国性法规
7210,记2分,罚款100元,####,牵引故障机动车时，被牵引的机动车除驾驶人外载人的,全国性法规
7201,记2分,罚款50元,####,非营运机动车载客超过核定人数的,全国性法规
7103,记1分,罚款50元,####,摩托车后座乘坐不满十二周岁未成年人的,全国性法规
7211,记2分,罚款100元,####,牵引故障机动车时，被牵引的机动车拖带挂车的,全国性法规
7202,记2分,罚款100元,####,机动车行经人行横道，未减速行驶的,全国性法规
7104,记1分,罚款50元,####,驾驶轻便摩托车载人的,全国性法规
7212,记2分,罚款100元,####,牵引故障机动车时，被牵引的机动车宽度大于牵引的机动车的,全国性法规
7203,记2分,罚款100元,####,机动车遇行人通过人行横道未停车让行的,全国性法规
7105,记1分,罚款20元,扣车,驾驶机动车未随车携带行驶证的,全国性法规
7213,记2分,罚款100元,####,使用软连接装置牵引故障机动车时，牵引车与被牵引车之间未保持安全距离的,全国性法规
7204,记2分,罚款100元,####,机动车行经没有交通信号的道路时，遇行人横过道路未避让的,全国性法规
7107,记1分,罚款20元,扣车,驾驶机动车未随车携带驾驶证的,全国性法规
7214,记2分,罚款100元,####,牵引制动失效的被牵引车，未使用硬连接牵引装置的,全国性法规
7205,记2分,罚款100元,####,机动车通过交叉路口不按规定让行的,全国性法规
7215,记2分,罚款100元,####,使用汽车吊车牵引车辆的,全国性法规
7206,记2分,罚款50元,####,摩托车驾驶人未按规定佩戴安全头盔的,全国性法规
7218,记2分,罚款100元,####,牵引摩托车的,全国性法规
7216,记2分,罚款100元,####,使用轮式专用机械牵引车辆的,全国性法规
7207,记2分,罚款100元,####,机动车通过有交通信号灯控制路口时，不按所需行进方向驶入导向车道的,全国性法规
7219,记2分,罚款100元,####,未使用专用清障车拖曳转向或照明、信号装置失效的机动车的,全国性法规
7217,记2分,罚款100元,####,使用摩托车牵引车辆的,全国性法规
7220,记2分,罚款50元,####,机动车驾驶人行车时拨打、接听手持电话的,全国性法规
7228,记2分,罚款200元,####,实习期内驾驶执行任务的特种车辆的,全国性法规
7221,记2分,罚款50元,####,机动车驾驶人行车时观看视频节目的,全国性法规
7306,记3分,罚款50元,####,载货汽车牵引挂车的载质量超过汽车本身的载质量的,全国性法规
7229,记2分,罚款200元,####,实习期内驾驶载有危险物品的机动车的,全国性法规
7222,记2分,罚款100元,####,机动车违反禁令标志指示的,全国性法规
7307,记3分,罚款50元,####,大型载客汽车牵引挂车的,全国性法规
7230,记2分,罚款200元,####,实习期内驾驶的机动车牵引挂车的,全国性法规
7223,记2分,罚款100元,####,机动车违反禁止标线指示的,全国性法规
7308,记3分,罚款50元,####,中型载客汽车牵引挂车的,全国性法规
7231,记2分,罚款50元,####,机动车驾驶人未按规定使用安全带的,全国性法规
7224,记2分,罚款50元,####,机动车违反警告标志指示的,全国性法规
7309,记3分,罚款50元,####,低速载货汽车牵引挂车的,全国性法规
7232,记2分,罚款200元,扣车，卸载,货运机动车超过核定载质量不足30%的,全国性法规
7225,记2分,罚款50元,####,机动车违反警告标线指示的,全国性法规
7310,记3分,罚款50元,####,三轮机动车汽车牵引挂车的,全国性法规
7301,记3分,罚款50元,####,载货汽车牵引多辆挂车的,全国性法规
7226,记2分,罚款200元,####,实习期内驾驶公共汽车的,全国性法规
7311,记3分,罚款100元,####,机动车不按交通信号灯规定通行的,全国性法规
7302,记3分,罚款50元,####,半挂牵引车牵引多辆挂车的,全国性法规
7227,记2分,罚款200元,####,实习期内驾驶营运客车的,全国性法规
7312,记3分,罚款100元,####,驾驶机动车从前车右侧超车的,全国性法规
7303,记3分,罚款50元,####,挂车的灯光信号、制动、连接、安全防护等装置不符合国家标准的,全国性法规
7313,记3分,罚款100元,####,驾驶机动车在前车左转弯时超车的,全国性法规
7304,记3分,罚款50元,####,小型载客汽车牵引旅居挂车以外的且总质量700千克以上挂车的,全国性法规
7316,记3分,罚款100元,####,驾驶机动车与对面来车有会车可能时超车的,全国性法规
7314,记3分,罚款100元,####,驾驶机动车在前车掉头时超车的,全国性法规
7305,记3分,罚款50元,####,挂车载人的,全国性法规
7317,记3分,罚款100元,####,驾驶机动车超越执行紧急任务的警车、消防车、救护车、工程救险车的,全国性法规
7315,记3分,罚款100元,####,驾驶机动车在前车超车时超车的,全国性法规
7318,记3分,罚款100元,####,驾驶机动车在铁路道口、路口、窄桥、弯道、陡坡、隧道、人行横道、交通流量大的路段等地点超车的,全国性法规
7326,记3分,罚款200元,####,机动车在高速公路上发生故障或者交通事故后，未按规定设置警示标志的,全国性法规
7319,记3分,罚款100元,####,机动车发生故障或者交通事故后，妨碍交通又难以移动，未按规定设置警告标志或者使用警示灯光的,全国性法规
7603,记6分,罚款500元,扣车，转员,货运机动车违反规定载客的,全国性法规
7327,记3分,罚款200元,####,机动车在高速公路上发生故障或者交通事故后，未按规定使用警示灯光的,全国性法规
7320,记3分,罚款200元,####,机动车逆向行驶的,全国性法规
7604,记6分,罚款500元,可以并处拘留,机动车驾驶证被暂扣的人驾驶机动车的,全国性法规
7328,记3分,罚款200元,####,在高速公路上违反规定牵引故障机动车的,全国性法规
7321,记3分,罚款200元,####,机动车逆向行驶的,全国性法规
7605,记6分,罚款200元,可以拖移车辆,连续驾驶公路客运车辆超过4小时未停车休息或者停车休息时间少于20分钟的,全国性法规
7329,记3分,####,警告,驾驶机动车超过限定时速不足20%的,全国性法规
7322,记3分,罚款200元,####,驾驶机动车在高速公路上正常情况下以低于规定最低时速行驶的,全国性法规
7606,记6分,罚款200元,可以拖移车辆,连续驾驶危险物品运输车辆超过4小时未停车休息或者停车休息时间少于20分钟的,全国性法规
7330,记3分,罚款100元,####,驾驶机动车超过限定时速20%以上不足50%的,全国性法规
7323,记3分,罚款200元,####,驾驶机动车在低能见度气象条件下在高速公路上不按规定行驶的,全国性法规
7607,记6分,罚款100元,扣车,上道路行驶的机动车未悬挂机动车号牌的,全国性法规
7331,记3分,罚款200元,####,在高速公路上驾驶机动车超过限定时速20%以上不足50%的,全国性法规
7324,记3分,罚款200元,####,在高速公路上驾驶载货汽车车厢载人的,全国性法规
7608,记6分,罚款200元,####,故意遮挡、污损机动车号牌导致号牌辨认不清的,全国性法规
7337,记3分,罚款100元,####,机动车违反禁止标线指示的,全国性法规
7325,记3分,罚款200元,####,在高速公路上驾驶二轮摩托车载人的,全国性法规
7609,记6分,罚款200元,####,机动车运载危险物品时不按规定的时间、路线、速度行驶的,全国性法规
7354,记3分,罚款200元,####,在限速为50公里以下的道路，时速超过限定时速50%以上不到70%的,全国性法规
7610,记6分,罚款200元,####,机动车运载危险物品时未悬挂警示标志的,全国性法规
7601,记6分,####,暂扣,饮酒后驾驶机动车的,全国性法规
7613,记6分,罚款200元,####,机动车在高速公路上逆行的,全国性法规
7611,记6分,罚款200元,####,机动车运载危险物品时未采取必要的安全措施的,全国性法规
7602,记6分,罚款500元,扣车，卸载,公路客运车辆违反规定载货的,全国性法规
7614,记6分,罚款200元,####,机动车在高速公路上，穿越中央隔离带掉头的,全国性法规
7612,记6分,罚款200元,####,机动车在高速公路上倒车的,全国性法规
7615,记6分,罚款200元,####,机动车在高速公路匝道上停车的,全国性法规
7623,记6分,罚款1000元,并处吊销,驾驶机动车超过限定时速70%以上不足100%的,全国性法规
7616,记6分,罚款200元,####,机动车在高速公路加速车道上停车的,全国性法规
7706,记12分,罚款200元,可以并处拘留；可以拖移车辆,驾驶与驾驶证载明的准驾车型不相符合的机动车的,全国性法规
7626,记6分,罚款2000元,并处吊销,驾驶机动车超过限定时速100%以上的,全国性法规
7617,记6分,罚款200元,####,机动车在高速公路减速车道上停车的,全国性法规
7707,记12分,罚款500元,暂扣；可以拖移车辆,饮酒后驾驶营运机动车的,全国性法规
7627,记6分,罚款500元,扣车，卸载,货运机动车超过核定载质量30%以上不足100%的,全国性法规
7618,记6分,罚款200元,####,机动车非紧急情况下在高速公路应急车道内停车的,全国性法规
8001,####,罚款50元,####,非机动车违反道路交通限制通行措施规定的,全国性法规
7628,记6分,罚款500元,扣车，卸载,货运机动车超过核定载质量100%以上的,全国性法规
7619,记6分,罚款500元,收缴，扣车,使用伪造、变造的机动车号牌的,全国性法规
8002,####,罚款50元,拒交罚款扣留车辆,非机动车违反道路交通禁止通行措施规定的,全国性法规
7629,记6分,罚款200元,扣车，转员,公路客运车辆载客超过额定乘员不足20%的,全国性法规
7620,记6分,####,使用其他车辆的机动车号牌的,使用其他车辆的机动车号牌的,全国性法规
80103,####,罚款300元,####,驾驶机动车违反规定占用专用车道行驶的,全国性法规
7701,记12分,罚款500元,扣车，转员,公路客运车辆载客超过额定乘员20%以上不足50%的,全国性法规
7621,记6分,罚款200元,####,未取得机动车号牌上道路行驶的,全国性法规
80130,####,罚款200元,####,在禁止通行的时间、路段、车道内行驶的,全国性法规
7702,记12分,罚款500元,扣车，转员,公路客运车辆载客超过额定乘员50%以上不足100%的,全国性法规
7622,记6分,罚款500元,可以并处吊销,驾驶机动车超过限定时速50%以上不足70%的,全国性法规
8046D,####,罚款200元,####,驾驶机动车违反限制或者禁止通行规定上道路行驶的,全国性法规
7703,记12分,罚款1000元,扣车，转员,公路客运车辆载客超过额定乘员100%以上的,全国性法规
8363,记3分,罚款200元,####,超速50%以下,全国性法规
8054D,####,罚款500元,拒交罚款扣留车辆,未悬挂机动车号牌的,全国性法规
7704,记12分,罚款1000元,暂扣并处拘留；可以拖移车辆,醉酒后驾驶机动车的,全国性法规
8606,####,罚款200元,####,"不按信号灯行驶,或者超速",全国性法规
8209,####,罚款300元,####,驾驶机动车在划有导向车道的路口，不按所需行进方向驶入导向车道，变更车道或者不按规定方向行驶的,全国性法规
7705,记12分,罚款2000元,暂扣并处拘留；可以拖移车辆,醉酒后驾驶营运机动车的,全国性法规
8633A,记6分,罚款50元,####,驾驶机动车不按交通信号灯规定通行（闯红灯）,全国性法规
8344,记3分,罚款100元,####,客、货车违反禁令标志指示,全国性法规
8635A,记6分,罚款1000元,####,驾驶机动车在城市快速干道、高速公路非紧急情况时在应急车道行驶的(一年内有序号43至51违法行为二次以下的),全国性法规
8801,####,罚款50元,####,非机动车违反道路交通限制通行措施规定的,全国性法规
81011,记1分,罚款300元,####,驾驶机动车不按规定使用转向灯的（另：未放置保险标志的）,全国性法规
